-- phpMyAdmin SQL Dump
-- version 5.2.1
-- https://www.phpmyadmin.net/
--
-- Host: 127.0.0.1
-- Waktu pembuatan: 04 Feb 2025 pada 13.53
-- Versi server: 10.4.28-MariaDB
-- Versi PHP: 8.2.4

SET SQL_MODE = "NO_AUTO_VALUE_ON_ZERO";
START TRANSACTION;
SET time_zone = "+00:00";


/*!40101 SET @OLD_CHARACTER_SET_CLIENT=@@CHARACTER_SET_CLIENT */;
/*!40101 SET @OLD_CHARACTER_SET_RESULTS=@@CHARACTER_SET_RESULTS */;
/*!40101 SET @OLD_COLLATION_CONNECTION=@@COLLATION_CONNECTION */;
/*!40101 SET NAMES utf8mb4 */;

--
-- Database: `skripsi5`
--

-- --------------------------------------------------------

--
-- Struktur dari tabel `admins`
--

CREATE TABLE `admins` (
  `id_adm` int(11) NOT NULL,
  `nama_adm` varchar(50) NOT NULL,
  `email_adm` varchar(50) NOT NULL,
  `alamat_adm` text NOT NULL,
  `no_hp_adm` varchar(25) NOT NULL,
  `tgl_masuk_adm` date NOT NULL,
  `id_akun` int(11) DEFAULT NULL
) ENGINE=InnoDB DEFAULT CHARSET=utf8mb4 COLLATE=utf8mb4_general_ci;

--
-- Dumping data untuk tabel `admins`
--

INSERT INTO `admins` (`id_adm`, `nama_adm`, `email_adm`, `alamat_adm`, `no_hp_adm`, `tgl_masuk_adm`, `id_akun`) VALUES
(2, 'Ilham Setiawan', 'admin@gmail.com', 'Jl. Merbabu No. 100', '085842116782', '2024-01-05', 1);

-- --------------------------------------------------------

--
-- Struktur dari tabel `bidang_minats`
--

CREATE TABLE `bidang_minats` (
  `id_bidang` int(11) NOT NULL,
  `nama_bidang` varchar(20) NOT NULL
) ENGINE=InnoDB DEFAULT CHARSET=utf8mb4 COLLATE=utf8mb4_general_ci;

--
-- Dumping data untuk tabel `bidang_minats`
--

INSERT INTO `bidang_minats` (`id_bidang`, `nama_bidang`) VALUES
(15, 'Perhotelan'),
(16, 'Restoran'),
(17, 'Perawat Lansia'),
(18, 'Konstruksi'),
(19, 'Pengolahan Makanan'),
(20, 'Otomotif'),
(21, 'IT'),
(22, 'Pertanian');

-- --------------------------------------------------------

--
-- Struktur dari tabel `cache`
--

CREATE TABLE `cache` (
  `key` varchar(255) NOT NULL,
  `value` mediumtext NOT NULL,
  `expiration` int(11) NOT NULL
) ENGINE=InnoDB DEFAULT CHARSET=utf8mb4 COLLATE=utf8mb4_unicode_ci;

-- --------------------------------------------------------

--
-- Struktur dari tabel `cache_locks`
--

CREATE TABLE `cache_locks` (
  `key` varchar(255) NOT NULL,
  `owner` varchar(255) NOT NULL,
  `expiration` int(11) NOT NULL
) ENGINE=InnoDB DEFAULT CHARSET=utf8mb4 COLLATE=utf8mb4_unicode_ci;

-- --------------------------------------------------------

--
-- Struktur dari tabel `daftar_hadirs`
--

CREATE TABLE `daftar_hadirs` (
  `id_presensi` int(11) NOT NULL,
  `id_siswa` varchar(10) NOT NULL,
  `status_presensi` varchar(11) DEFAULT NULL,
  `id_jadwal` varchar(255) NOT NULL
) ENGINE=InnoDB DEFAULT CHARSET=utf8mb4 COLLATE=utf8mb4_general_ci;

--
-- Dumping data untuk tabel `daftar_hadirs`
--

INSERT INTO `daftar_hadirs` (`id_presensi`, `id_siswa`, `status_presensi`, `id_jadwal`) VALUES
(37, 'Siswa2', 'Hadir', 'JDWL24122332'),
(38, 'Siswa7', 'Hadir', 'JDWL24122332');

-- --------------------------------------------------------

--
-- Struktur dari tabel `instrukturs`
--

CREATE TABLE `instrukturs` (
  `id_ins` varchar(5) NOT NULL,
  `nama_ins` varchar(50) NOT NULL,
  `email_ins` varchar(50) NOT NULL,
  `no_hp_ins` varchar(25) NOT NULL,
  `alamat_ins` text NOT NULL,
  `tgl_masuk_ins` date NOT NULL,
  `id_akun` int(11) DEFAULT NULL
) ENGINE=InnoDB DEFAULT CHARSET=utf8mb4 COLLATE=utf8mb4_general_ci;

--
-- Dumping data untuk tabel `instrukturs`
--

INSERT INTO `instrukturs` (`id_ins`, `nama_ins`, `email_ins`, `no_hp_ins`, `alamat_ins`, `tgl_masuk_ins`, `id_akun`) VALUES
('Ins1', 'Mukidi', 'ins1@ins.com', '088976564311', 'Jl. Tembalang Selatan VI No. 40', '2024-05-05', 106),
('Ins2', 'Lili Dina', 'ins2@ins.com', '088903129892', 'Jl. Tembalang Selatan V No. 26', '2024-05-05', 108),
('Ins3', 'Dona Agnesia', 'ins3@ins.com', '088902331298', 'Jl. Tembalang Selatan VII No. 45', '2024-05-05', 118);

-- --------------------------------------------------------

--
-- Struktur dari tabel `jadwals`
--

CREATE TABLE `jadwals` (
  `id_jadwal` varchar(255) NOT NULL,
  `id_kelas` int(11) NOT NULL,
  `tanggal_pelaksanaan` date NOT NULL,
  `status` varchar(12) NOT NULL
) ENGINE=InnoDB DEFAULT CHARSET=utf8mb4 COLLATE=utf8mb4_general_ci;

--
-- Dumping data untuk tabel `jadwals`
--

INSERT INTO `jadwals` (`id_jadwal`, `id_kelas`, `tanggal_pelaksanaan`, `status`) VALUES
('JDWL24122332', 32, '2024-12-23', 'mulai'),
('JDWL24122333', 33, '2024-12-23', 'aktif'),
('JDWL24122334', 34, '2024-12-23', 'aktif'),
('JDWL24122432', 32, '2024-12-24', 'aktif'),
('JDWL24122433', 33, '2024-12-24', 'aktif'),
('JDWL24122434', 34, '2024-12-24', 'aktif'),
('JDWL24122532', 32, '2024-12-25', 'aktif'),
('JDWL24122533', 33, '2024-12-25', 'aktif'),
('JDWL24122534', 34, '2024-12-25', 'libur'),
('JDWL24122632', 32, '2024-12-26', 'aktif'),
('JDWL24122633', 33, '2024-12-26', 'aktif'),
('JDWL24122634', 34, '2024-12-26', 'aktif'),
('JDWL24122732', 32, '2024-12-27', 'aktif'),
('JDWL24122733', 33, '2024-12-27', 'aktif'),
('JDWL24122734', 34, '2024-12-27', 'aktif'),
('JDWL24123032', 32, '2024-12-30', 'aktif'),
('JDWL24123033', 33, '2024-12-30', 'aktif'),
('JDWL24123034', 34, '2024-12-30', 'aktif'),
('JDWL24123132', 32, '2024-12-31', 'aktif'),
('JDWL24123133', 33, '2024-12-31', 'aktif'),
('JDWL24123134', 34, '2024-12-31', 'aktif'),
('JDWL25010132', 32, '2025-01-01', 'aktif'),
('JDWL25010133', 33, '2025-01-01', 'aktif'),
('JDWL25010134', 34, '2025-01-01', 'aktif'),
('JDWL25010232', 32, '2025-01-02', 'aktif'),
('JDWL25010233', 33, '2025-01-02', 'aktif'),
('JDWL25010234', 34, '2025-01-02', 'aktif'),
('JDWL25010332', 32, '2025-01-03', 'aktif'),
('JDWL25010333', 33, '2025-01-03', 'aktif'),
('JDWL25010334', 34, '2025-01-03', 'aktif'),
('JDWL25010632', 32, '2025-01-06', 'aktif'),
('JDWL25010633', 33, '2025-01-06', 'aktif'),
('JDWL25010634', 34, '2025-01-06', 'aktif'),
('JDWL25010732', 32, '2025-01-07', 'aktif'),
('JDWL25010733', 33, '2025-01-07', 'aktif'),
('JDWL25010734', 34, '2025-01-07', 'aktif'),
('JDWL25010832', 32, '2025-01-08', 'aktif'),
('JDWL25010833', 33, '2025-01-08', 'aktif'),
('JDWL25010834', 34, '2025-01-08', 'aktif'),
('JDWL25010932', 32, '2025-01-09', 'aktif'),
('JDWL25010933', 33, '2025-01-09', 'aktif'),
('JDWL25010934', 34, '2025-01-09', 'aktif'),
('JDWL25011032', 32, '2025-01-10', 'aktif'),
('JDWL25011033', 33, '2025-01-10', 'aktif'),
('JDWL25011034', 34, '2025-01-10', 'aktif'),
('JDWL25011332', 32, '2025-01-13', 'aktif'),
('JDWL25011333', 33, '2025-01-13', 'aktif'),
('JDWL25011334', 34, '2025-01-13', 'aktif'),
('JDWL25011432', 32, '2025-01-14', 'aktif'),
('JDWL25011433', 33, '2025-01-14', 'aktif'),
('JDWL25011434', 34, '2025-01-14', 'aktif'),
('JDWL25011532', 32, '2025-01-15', 'aktif'),
('JDWL25011533', 33, '2025-01-15', 'aktif'),
('JDWL25011534', 34, '2025-01-15', 'aktif'),
('JDWL25011632', 32, '2025-01-16', 'aktif'),
('JDWL25011633', 33, '2025-01-16', 'aktif'),
('JDWL25011634', 34, '2025-01-16', 'aktif'),
('JDWL25011732', 32, '2025-01-17', 'aktif'),
('JDWL25011733', 33, '2025-01-17', 'aktif'),
('JDWL25011734', 34, '2025-01-17', 'aktif'),
('JDWL25012032', 32, '2025-01-20', 'aktif'),
('JDWL25012033', 33, '2025-01-20', 'aktif'),
('JDWL25012034', 34, '2025-01-20', 'aktif'),
('JDWL25012132', 32, '2025-01-21', 'aktif'),
('JDWL25012133', 33, '2025-01-21', 'aktif'),
('JDWL25012134', 34, '2025-01-21', 'aktif'),
('JDWL25012232', 32, '2025-01-22', 'aktif'),
('JDWL25012233', 33, '2025-01-22', 'aktif'),
('JDWL25012234', 34, '2025-01-22', 'aktif'),
('JDWL25012332', 32, '2025-01-23', 'aktif'),
('JDWL25012333', 33, '2025-01-23', 'aktif'),
('JDWL25012334', 34, '2025-01-23', 'aktif'),
('JDWL25012432', 32, '2025-01-24', 'aktif'),
('JDWL25012433', 33, '2025-01-24', 'aktif'),
('JDWL25012434', 34, '2025-01-24', 'aktif'),
('JDWL25012732', 32, '2025-01-27', 'aktif'),
('JDWL25012733', 33, '2025-01-27', 'aktif'),
('JDWL25012734', 34, '2025-01-27', 'aktif'),
('JDWL25012832', 32, '2025-01-28', 'aktif'),
('JDWL25012833', 33, '2025-01-28', 'aktif'),
('JDWL25012834', 34, '2025-01-28', 'aktif'),
('JDWL25012932', 32, '2025-01-29', 'aktif'),
('JDWL25012933', 33, '2025-01-29', 'aktif'),
('JDWL25012934', 34, '2025-01-29', 'aktif'),
('JDWL25013032', 32, '2025-01-30', 'aktif'),
('JDWL25013033', 33, '2025-01-30', 'aktif'),
('JDWL25013034', 34, '2025-01-30', 'aktif'),
('JDWL25013132', 32, '2025-01-31', 'aktif'),
('JDWL25013133', 33, '2025-01-31', 'aktif'),
('JDWL25013134', 34, '2025-01-31', 'aktif'),
('JDWL25020332', 32, '2025-02-03', 'aktif'),
('JDWL25020333', 33, '2025-02-03', 'aktif'),
('JDWL25020334', 34, '2025-02-03', 'aktif'),
('JDWL25020432', 32, '2025-02-04', 'aktif'),
('JDWL25020433', 33, '2025-02-04', 'aktif'),
('JDWL25020434', 34, '2025-02-04', 'aktif'),
('JDWL25020532', 32, '2025-02-05', 'aktif'),
('JDWL25020533', 33, '2025-02-05', 'aktif'),
('JDWL25020534', 34, '2025-02-05', 'aktif'),
('JDWL25020632', 32, '2025-02-06', 'aktif'),
('JDWL25020633', 33, '2025-02-06', 'aktif'),
('JDWL25020634', 34, '2025-02-06', 'aktif'),
('JDWL25020732', 32, '2025-02-07', 'aktif'),
('JDWL25020733', 33, '2025-02-07', 'aktif'),
('JDWL25020734', 34, '2025-02-07', 'aktif'),
('JDWL25021032', 32, '2025-02-10', 'aktif'),
('JDWL25021033', 33, '2025-02-10', 'aktif'),
('JDWL25021034', 34, '2025-02-10', 'aktif'),
('JDWL25021132', 32, '2025-02-11', 'aktif'),
('JDWL25021133', 33, '2025-02-11', 'aktif'),
('JDWL25021134', 34, '2025-02-11', 'aktif'),
('JDWL25021232', 32, '2025-02-12', 'aktif'),
('JDWL25021233', 33, '2025-02-12', 'aktif'),
('JDWL25021234', 34, '2025-02-12', 'aktif'),
('JDWL25021332', 32, '2025-02-13', 'aktif'),
('JDWL25021333', 33, '2025-02-13', 'aktif'),
('JDWL25021334', 34, '2025-02-13', 'aktif'),
('JDWL25021432', 32, '2025-02-14', 'aktif'),
('JDWL25021433', 33, '2025-02-14', 'aktif'),
('JDWL25021434', 34, '2025-02-14', 'aktif'),
('JDWL25021732', 32, '2025-02-17', 'aktif'),
('JDWL25021733', 33, '2025-02-17', 'aktif'),
('JDWL25021734', 34, '2025-02-17', 'aktif'),
('JDWL25021832', 32, '2025-02-18', 'aktif'),
('JDWL25021833', 33, '2025-02-18', 'aktif'),
('JDWL25021834', 34, '2025-02-18', 'aktif'),
('JDWL25021932', 32, '2025-02-19', 'aktif'),
('JDWL25021933', 33, '2025-02-19', 'aktif'),
('JDWL25021934', 34, '2025-02-19', 'aktif'),
('JDWL25022032', 32, '2025-02-20', 'aktif'),
('JDWL25022033', 33, '2025-02-20', 'aktif'),
('JDWL25022034', 34, '2025-02-20', 'aktif'),
('JDWL25022132', 32, '2025-02-21', 'aktif'),
('JDWL25022133', 33, '2025-02-21', 'aktif'),
('JDWL25022134', 34, '2025-02-21', 'aktif'),
('JDWL25022432', 32, '2025-02-24', 'aktif'),
('JDWL25022433', 33, '2025-02-24', 'aktif'),
('JDWL25022434', 34, '2025-02-24', 'aktif'),
('JDWL25022532', 32, '2025-02-25', 'aktif'),
('JDWL25022533', 33, '2025-02-25', 'aktif'),
('JDWL25022534', 34, '2025-02-25', 'aktif'),
('JDWL25022632', 32, '2025-02-26', 'aktif'),
('JDWL25022633', 33, '2025-02-26', 'aktif'),
('JDWL25022634', 34, '2025-02-26', 'aktif'),
('JDWL25022732', 32, '2025-02-27', 'aktif'),
('JDWL25022733', 33, '2025-02-27', 'aktif'),
('JDWL25022734', 34, '2025-02-27', 'aktif'),
('JDWL25022832', 32, '2025-02-28', 'aktif'),
('JDWL25022833', 33, '2025-02-28', 'aktif'),
('JDWL25022834', 34, '2025-02-28', 'aktif'),
('JDWL25030332', 32, '2025-03-03', 'aktif'),
('JDWL25030333', 33, '2025-03-03', 'aktif'),
('JDWL25030334', 34, '2025-03-03', 'aktif'),
('JDWL25030432', 32, '2025-03-04', 'aktif'),
('JDWL25030433', 33, '2025-03-04', 'aktif'),
('JDWL25030434', 34, '2025-03-04', 'aktif'),
('JDWL25030532', 32, '2025-03-05', 'aktif'),
('JDWL25030533', 33, '2025-03-05', 'aktif'),
('JDWL25030534', 34, '2025-03-05', 'aktif'),
('JDWL25030632', 32, '2025-03-06', 'aktif'),
('JDWL25030633', 33, '2025-03-06', 'aktif'),
('JDWL25030634', 34, '2025-03-06', 'aktif'),
('JDWL25030732', 32, '2025-03-07', 'aktif'),
('JDWL25030733', 33, '2025-03-07', 'aktif'),
('JDWL25030734', 34, '2025-03-07', 'aktif'),
('JDWL25031032', 32, '2025-03-10', 'aktif'),
('JDWL25031033', 33, '2025-03-10', 'aktif'),
('JDWL25031034', 34, '2025-03-10', 'aktif'),
('JDWL25031132', 32, '2025-03-11', 'aktif'),
('JDWL25031133', 33, '2025-03-11', 'aktif'),
('JDWL25031134', 34, '2025-03-11', 'aktif'),
('JDWL25031232', 32, '2025-03-12', 'aktif'),
('JDWL25031233', 33, '2025-03-12', 'aktif'),
('JDWL25031234', 34, '2025-03-12', 'aktif'),
('JDWL25031332', 32, '2025-03-13', 'aktif'),
('JDWL25031333', 33, '2025-03-13', 'aktif'),
('JDWL25031334', 34, '2025-03-13', 'aktif'),
('JDWL25031432', 32, '2025-03-14', 'aktif'),
('JDWL25031433', 33, '2025-03-14', 'aktif'),
('JDWL25031434', 34, '2025-03-14', 'aktif'),
('JDWL25031732', 32, '2025-03-17', 'aktif'),
('JDWL25031733', 33, '2025-03-17', 'aktif'),
('JDWL25031734', 34, '2025-03-17', 'aktif'),
('JDWL25031832', 32, '2025-03-18', 'aktif'),
('JDWL25031833', 33, '2025-03-18', 'aktif'),
('JDWL25031834', 34, '2025-03-18', 'aktif'),
('JDWL25031932', 32, '2025-03-19', 'aktif'),
('JDWL25031933', 33, '2025-03-19', 'aktif'),
('JDWL25031934', 34, '2025-03-19', 'aktif'),
('JDWL25032032', 32, '2025-03-20', 'aktif'),
('JDWL25032033', 33, '2025-03-20', 'aktif'),
('JDWL25032034', 34, '2025-03-20', 'aktif'),
('JDWL25032132', 32, '2025-03-21', 'aktif'),
('JDWL25032133', 33, '2025-03-21', 'aktif'),
('JDWL25032134', 34, '2025-03-21', 'aktif'),
('JDWL25032432', 32, '2025-03-24', 'aktif'),
('JDWL25032433', 33, '2025-03-24', 'aktif'),
('JDWL25032434', 34, '2025-03-24', 'aktif'),
('JDWL25032532', 32, '2025-03-25', 'aktif'),
('JDWL25032533', 33, '2025-03-25', 'aktif'),
('JDWL25032534', 34, '2025-03-25', 'aktif'),
('JDWL25032632', 32, '2025-03-26', 'aktif'),
('JDWL25032633', 33, '2025-03-26', 'aktif'),
('JDWL25032634', 34, '2025-03-26', 'aktif'),
('JDWL25032732', 32, '2025-03-27', 'aktif'),
('JDWL25032733', 33, '2025-03-27', 'aktif'),
('JDWL25032734', 34, '2025-03-27', 'aktif'),
('JDWL25032832', 32, '2025-03-28', 'aktif'),
('JDWL25032833', 33, '2025-03-28', 'aktif'),
('JDWL25032834', 34, '2025-03-28', 'aktif'),
('JDWL25033132', 32, '2025-03-31', 'aktif'),
('JDWL25033133', 33, '2025-03-31', 'aktif'),
('JDWL25033134', 34, '2025-03-31', 'aktif'),
('JDWL25040132', 32, '2025-04-01', 'aktif'),
('JDWL25040133', 33, '2025-04-01', 'aktif'),
('JDWL25040134', 34, '2025-04-01', 'aktif'),
('JDWL25040232', 32, '2025-04-02', 'aktif'),
('JDWL25040233', 33, '2025-04-02', 'aktif'),
('JDWL25040234', 34, '2025-04-02', 'aktif'),
('JDWL25040332', 32, '2025-04-03', 'aktif'),
('JDWL25040333', 33, '2025-04-03', 'aktif'),
('JDWL25040334', 34, '2025-04-03', 'aktif'),
('JDWL25040432', 32, '2025-04-04', 'aktif'),
('JDWL25040433', 33, '2025-04-04', 'aktif'),
('JDWL25040434', 34, '2025-04-04', 'aktif'),
('JDWL25040732', 32, '2025-04-07', 'aktif'),
('JDWL25040733', 33, '2025-04-07', 'aktif'),
('JDWL25040734', 34, '2025-04-07', 'aktif'),
('JDWL25040832', 32, '2025-04-08', 'aktif'),
('JDWL25040833', 33, '2025-04-08', 'aktif'),
('JDWL25040834', 34, '2025-04-08', 'aktif'),
('JDWL25040932', 32, '2025-04-09', 'aktif'),
('JDWL25040933', 33, '2025-04-09', 'aktif'),
('JDWL25040934', 34, '2025-04-09', 'aktif'),
('JDWL25041032', 32, '2025-04-10', 'aktif'),
('JDWL25041033', 33, '2025-04-10', 'aktif'),
('JDWL25041034', 34, '2025-04-10', 'aktif'),
('JDWL25041132', 32, '2025-04-11', 'aktif'),
('JDWL25041133', 33, '2025-04-11', 'aktif'),
('JDWL25041134', 34, '2025-04-11', 'aktif'),
('JDWL25041432', 32, '2025-04-14', 'aktif'),
('JDWL25041433', 33, '2025-04-14', 'aktif'),
('JDWL25041434', 34, '2025-04-14', 'aktif'),
('JDWL25041532', 32, '2025-04-15', 'aktif'),
('JDWL25041533', 33, '2025-04-15', 'aktif'),
('JDWL25041534', 34, '2025-04-15', 'aktif'),
('JDWL25041632', 32, '2025-04-16', 'aktif'),
('JDWL25041633', 33, '2025-04-16', 'aktif'),
('JDWL25041634', 34, '2025-04-16', 'aktif'),
('JDWL25041732', 32, '2025-04-17', 'aktif'),
('JDWL25041733', 33, '2025-04-17', 'aktif'),
('JDWL25041734', 34, '2025-04-17', 'aktif'),
('JDWL25041832', 32, '2025-04-18', 'aktif'),
('JDWL25041833', 33, '2025-04-18', 'aktif'),
('JDWL25041834', 34, '2025-04-18', 'aktif'),
('JDWL25042132', 32, '2025-04-21', 'aktif'),
('JDWL25042133', 33, '2025-04-21', 'aktif'),
('JDWL25042134', 34, '2025-04-21', 'aktif'),
('JDWL25042232', 32, '2025-04-22', 'aktif'),
('JDWL25042233', 33, '2025-04-22', 'aktif'),
('JDWL25042234', 34, '2025-04-22', 'aktif'),
('JDWL25042332', 32, '2025-04-23', 'aktif'),
('JDWL25042333', 33, '2025-04-23', 'aktif'),
('JDWL25042334', 34, '2025-04-23', 'aktif'),
('JDWL25042432', 32, '2025-04-24', 'aktif'),
('JDWL25042433', 33, '2025-04-24', 'aktif'),
('JDWL25042434', 34, '2025-04-24', 'aktif'),
('JDWL25042532', 32, '2025-04-25', 'aktif'),
('JDWL25042533', 33, '2025-04-25', 'aktif'),
('JDWL25042534', 34, '2025-04-25', 'aktif'),
('JDWL25042832', 32, '2025-04-28', 'aktif'),
('JDWL25042833', 33, '2025-04-28', 'aktif'),
('JDWL25042834', 34, '2025-04-28', 'aktif'),
('JDWL25042932', 32, '2025-04-29', 'aktif'),
('JDWL25042933', 33, '2025-04-29', 'aktif'),
('JDWL25042934', 34, '2025-04-29', 'aktif'),
('JDWL25043032', 32, '2025-04-30', 'aktif'),
('JDWL25043033', 33, '2025-04-30', 'aktif'),
('JDWL25043034', 34, '2025-04-30', 'aktif'),
('JDWL25050132', 32, '2025-05-01', 'aktif'),
('JDWL25050133', 33, '2025-05-01', 'aktif'),
('JDWL25050134', 34, '2025-05-01', 'aktif'),
('JDWL25050232', 32, '2025-05-02', 'aktif'),
('JDWL25050233', 33, '2025-05-02', 'aktif'),
('JDWL25050234', 34, '2025-05-02', 'aktif'),
('JDWL25050532', 32, '2025-05-05', 'aktif'),
('JDWL25050533', 33, '2025-05-05', 'aktif'),
('JDWL25050534', 34, '2025-05-05', 'aktif'),
('JDWL25050632', 32, '2025-05-06', 'aktif'),
('JDWL25050633', 33, '2025-05-06', 'aktif'),
('JDWL25050634', 34, '2025-05-06', 'aktif'),
('JDWL25050732', 32, '2025-05-07', 'aktif'),
('JDWL25050733', 33, '2025-05-07', 'aktif'),
('JDWL25050734', 34, '2025-05-07', 'aktif'),
('JDWL25050832', 32, '2025-05-08', 'aktif'),
('JDWL25050833', 33, '2025-05-08', 'aktif'),
('JDWL25050834', 34, '2025-05-08', 'aktif'),
('JDWL25050932', 32, '2025-05-09', 'aktif'),
('JDWL25050933', 33, '2025-05-09', 'aktif'),
('JDWL25050934', 34, '2025-05-09', 'aktif'),
('JDWL25051232', 32, '2025-05-12', 'aktif'),
('JDWL25051233', 33, '2025-05-12', 'aktif'),
('JDWL25051234', 34, '2025-05-12', 'aktif'),
('JDWL25051332', 32, '2025-05-13', 'aktif'),
('JDWL25051333', 33, '2025-05-13', 'aktif'),
('JDWL25051334', 34, '2025-05-13', 'aktif'),
('JDWL25051432', 32, '2025-05-14', 'aktif'),
('JDWL25051433', 33, '2025-05-14', 'aktif'),
('JDWL25051434', 34, '2025-05-14', 'aktif'),
('JDWL25051532', 32, '2025-05-15', 'aktif'),
('JDWL25051533', 33, '2025-05-15', 'aktif'),
('JDWL25051534', 34, '2025-05-15', 'aktif'),
('JDWL25051632', 32, '2025-05-16', 'aktif'),
('JDWL25051633', 33, '2025-05-16', 'aktif'),
('JDWL25051634', 34, '2025-05-16', 'aktif'),
('JDWL25051932', 32, '2025-05-19', 'aktif'),
('JDWL25051933', 33, '2025-05-19', 'aktif'),
('JDWL25051934', 34, '2025-05-19', 'aktif'),
('JDWL25052032', 32, '2025-05-20', 'aktif'),
('JDWL25052033', 33, '2025-05-20', 'aktif'),
('JDWL25052034', 34, '2025-05-20', 'aktif'),
('JDWL25052132', 32, '2025-05-21', 'aktif'),
('JDWL25052133', 33, '2025-05-21', 'aktif'),
('JDWL25052134', 34, '2025-05-21', 'aktif'),
('JDWL25052232', 32, '2025-05-22', 'aktif'),
('JDWL25052233', 33, '2025-05-22', 'aktif'),
('JDWL25052234', 34, '2025-05-22', 'aktif'),
('JDWL25052332', 32, '2025-05-23', 'aktif'),
('JDWL25052333', 33, '2025-05-23', 'aktif'),
('JDWL25052334', 34, '2025-05-23', 'aktif'),
('JDWL25052632', 32, '2025-05-26', 'aktif'),
('JDWL25052633', 33, '2025-05-26', 'aktif'),
('JDWL25052634', 34, '2025-05-26', 'aktif'),
('JDWL25052732', 32, '2025-05-27', 'aktif'),
('JDWL25052733', 33, '2025-05-27', 'aktif'),
('JDWL25052734', 34, '2025-05-27', 'aktif'),
('JDWL25052832', 32, '2025-05-28', 'aktif'),
('JDWL25052833', 33, '2025-05-28', 'aktif'),
('JDWL25052834', 34, '2025-05-28', 'aktif'),
('JDWL25052932', 32, '2025-05-29', 'aktif'),
('JDWL25052933', 33, '2025-05-29', 'aktif'),
('JDWL25052934', 34, '2025-05-29', 'aktif'),
('JDWL25053032', 32, '2025-05-30', 'aktif'),
('JDWL25053033', 33, '2025-05-30', 'aktif'),
('JDWL25053034', 34, '2025-05-30', 'aktif'),
('JDWL25060232', 32, '2025-06-02', 'aktif'),
('JDWL25060233', 33, '2025-06-02', 'aktif'),
('JDWL25060234', 34, '2025-06-02', 'aktif'),
('JDWL25060332', 32, '2025-06-03', 'aktif'),
('JDWL25060333', 33, '2025-06-03', 'aktif'),
('JDWL25060334', 34, '2025-06-03', 'aktif'),
('JDWL25060432', 32, '2025-06-04', 'aktif'),
('JDWL25060433', 33, '2025-06-04', 'aktif'),
('JDWL25060434', 34, '2025-06-04', 'aktif'),
('JDWL25060532', 32, '2025-06-05', 'aktif'),
('JDWL25060533', 33, '2025-06-05', 'aktif'),
('JDWL25060534', 34, '2025-06-05', 'aktif'),
('JDWL25060632', 32, '2025-06-06', 'aktif'),
('JDWL25060633', 33, '2025-06-06', 'aktif'),
('JDWL25060634', 34, '2025-06-06', 'aktif'),
('JDWL25060932', 32, '2025-06-09', 'aktif'),
('JDWL25060933', 33, '2025-06-09', 'aktif'),
('JDWL25060934', 34, '2025-06-09', 'aktif'),
('JDWL25061032', 32, '2025-06-10', 'aktif'),
('JDWL25061033', 33, '2025-06-10', 'aktif'),
('JDWL25061034', 34, '2025-06-10', 'aktif'),
('JDWL25061132', 32, '2025-06-11', 'aktif'),
('JDWL25061133', 33, '2025-06-11', 'aktif'),
('JDWL25061134', 34, '2025-06-11', 'aktif'),
('JDWL25061232', 32, '2025-06-12', 'aktif'),
('JDWL25061233', 33, '2025-06-12', 'aktif'),
('JDWL25061234', 34, '2025-06-12', 'aktif'),
('JDWL25061332', 32, '2025-06-13', 'aktif'),
('JDWL25061333', 33, '2025-06-13', 'aktif'),
('JDWL25061334', 34, '2025-06-13', 'aktif'),
('JDWL25061632', 32, '2025-06-16', 'aktif'),
('JDWL25061633', 33, '2025-06-16', 'aktif'),
('JDWL25061634', 34, '2025-06-16', 'aktif'),
('JDWL25061732', 32, '2025-06-17', 'aktif'),
('JDWL25061733', 33, '2025-06-17', 'aktif'),
('JDWL25061734', 34, '2025-06-17', 'aktif'),
('JDWL25061832', 32, '2025-06-18', 'aktif'),
('JDWL25061833', 33, '2025-06-18', 'aktif'),
('JDWL25061834', 34, '2025-06-18', 'aktif'),
('JDWL25061932', 32, '2025-06-19', 'aktif'),
('JDWL25061933', 33, '2025-06-19', 'aktif'),
('JDWL25061934', 34, '2025-06-19', 'aktif'),
('JDWL25062032', 32, '2025-06-20', 'aktif'),
('JDWL25062033', 33, '2025-06-20', 'aktif'),
('JDWL25062034', 34, '2025-06-20', 'aktif'),
('JDWL25062332', 32, '2025-06-23', 'aktif'),
('JDWL25062333', 33, '2025-06-23', 'aktif'),
('JDWL25062334', 34, '2025-06-23', 'aktif'),
('JDWL25062432', 32, '2025-06-24', 'aktif'),
('JDWL25062433', 33, '2025-06-24', 'aktif'),
('JDWL25062434', 34, '2025-06-24', 'aktif'),
('JDWL25062532', 32, '2025-06-25', 'aktif'),
('JDWL25062533', 33, '2025-06-25', 'aktif'),
('JDWL25062534', 34, '2025-06-25', 'aktif'),
('JDWL25062632', 32, '2025-06-26', 'aktif'),
('JDWL25062633', 33, '2025-06-26', 'aktif'),
('JDWL25062634', 34, '2025-06-26', 'aktif'),
('JDWL25062732', 32, '2025-06-27', 'aktif'),
('JDWL25062733', 33, '2025-06-27', 'aktif'),
('JDWL25062734', 34, '2025-06-27', 'aktif'),
('JDWL25063032', 32, '2025-06-30', 'aktif'),
('JDWL25063033', 33, '2025-06-30', 'aktif'),
('JDWL25063034', 34, '2025-06-30', 'aktif'),
('JDWL25070132', 32, '2025-07-01', 'aktif'),
('JDWL25070133', 33, '2025-07-01', 'aktif'),
('JDWL25070134', 34, '2025-07-01', 'aktif'),
('JDWL25070232', 32, '2025-07-02', 'aktif'),
('JDWL25070233', 33, '2025-07-02', 'aktif'),
('JDWL25070234', 34, '2025-07-02', 'aktif'),
('JDWL25070332', 32, '2025-07-03', 'aktif'),
('JDWL25070333', 33, '2025-07-03', 'aktif'),
('JDWL25070334', 34, '2025-07-03', 'aktif'),
('JDWL25070432', 32, '2025-07-04', 'aktif'),
('JDWL25070433', 33, '2025-07-04', 'aktif'),
('JDWL25070434', 34, '2025-07-04', 'aktif'),
('JDWL25070732', 32, '2025-07-07', 'aktif'),
('JDWL25070733', 33, '2025-07-07', 'aktif'),
('JDWL25070734', 34, '2025-07-07', 'aktif'),
('JDWL25070832', 32, '2025-07-08', 'aktif'),
('JDWL25070833', 33, '2025-07-08', 'aktif'),
('JDWL25070834', 34, '2025-07-08', 'aktif'),
('JDWL25070932', 32, '2025-07-09', 'aktif'),
('JDWL25070933', 33, '2025-07-09', 'aktif'),
('JDWL25070934', 34, '2025-07-09', 'aktif'),
('JDWL25071032', 32, '2025-07-10', 'aktif'),
('JDWL25071033', 33, '2025-07-10', 'aktif'),
('JDWL25071034', 34, '2025-07-10', 'aktif'),
('JDWL25071132', 32, '2025-07-11', 'aktif'),
('JDWL25071133', 33, '2025-07-11', 'aktif'),
('JDWL25071134', 34, '2025-07-11', 'aktif'),
('JDWL25071432', 32, '2025-07-14', 'aktif'),
('JDWL25071433', 33, '2025-07-14', 'aktif'),
('JDWL25071434', 34, '2025-07-14', 'aktif'),
('JDWL25071532', 32, '2025-07-15', 'aktif'),
('JDWL25071533', 33, '2025-07-15', 'aktif'),
('JDWL25071534', 34, '2025-07-15', 'aktif'),
('JDWL25071632', 32, '2025-07-16', 'aktif'),
('JDWL25071633', 33, '2025-07-16', 'aktif'),
('JDWL25071634', 34, '2025-07-16', 'aktif'),
('JDWL25071732', 32, '2025-07-17', 'aktif'),
('JDWL25071733', 33, '2025-07-17', 'aktif'),
('JDWL25071734', 34, '2025-07-17', 'aktif'),
('JDWL25071832', 32, '2025-07-18', 'aktif'),
('JDWL25071833', 33, '2025-07-18', 'aktif'),
('JDWL25071834', 34, '2025-07-18', 'aktif'),
('JDWL25072132', 32, '2025-07-21', 'aktif'),
('JDWL25072133', 33, '2025-07-21', 'aktif'),
('JDWL25072134', 34, '2025-07-21', 'aktif'),
('JDWL25072232', 32, '2025-07-22', 'aktif'),
('JDWL25072233', 33, '2025-07-22', 'aktif'),
('JDWL25072234', 34, '2025-07-22', 'aktif'),
('JDWL25072332', 32, '2025-07-23', 'aktif'),
('JDWL25072333', 33, '2025-07-23', 'aktif'),
('JDWL25072334', 34, '2025-07-23', 'aktif'),
('JDWL25072432', 32, '2025-07-24', 'aktif'),
('JDWL25072433', 33, '2025-07-24', 'aktif'),
('JDWL25072434', 34, '2025-07-24', 'aktif'),
('JDWL25072532', 32, '2025-07-25', 'aktif'),
('JDWL25072533', 33, '2025-07-25', 'aktif'),
('JDWL25072534', 34, '2025-07-25', 'aktif'),
('JDWL25072832', 32, '2025-07-28', 'aktif'),
('JDWL25072833', 33, '2025-07-28', 'aktif'),
('JDWL25072834', 34, '2025-07-28', 'aktif'),
('JDWL25072932', 32, '2025-07-29', 'aktif'),
('JDWL25072933', 33, '2025-07-29', 'aktif'),
('JDWL25072934', 34, '2025-07-29', 'aktif'),
('JDWL25073032', 32, '2025-07-30', 'aktif'),
('JDWL25073033', 33, '2025-07-30', 'aktif'),
('JDWL25073034', 34, '2025-07-30', 'aktif'),
('JDWL25073132', 32, '2025-07-31', 'aktif'),
('JDWL25073133', 33, '2025-07-31', 'aktif'),
('JDWL25073134', 34, '2025-07-31', 'aktif'),
('JDWL25080132', 32, '2025-08-01', 'aktif'),
('JDWL25080133', 33, '2025-08-01', 'aktif'),
('JDWL25080134', 34, '2025-08-01', 'aktif'),
('JDWL25080432', 32, '2025-08-04', 'aktif'),
('JDWL25080433', 33, '2025-08-04', 'aktif'),
('JDWL25080434', 34, '2025-08-04', 'aktif'),
('JDWL25080532', 32, '2025-08-05', 'aktif'),
('JDWL25080533', 33, '2025-08-05', 'aktif'),
('JDWL25080534', 34, '2025-08-05', 'aktif'),
('JDWL25080632', 32, '2025-08-06', 'aktif'),
('JDWL25080633', 33, '2025-08-06', 'aktif'),
('JDWL25080634', 34, '2025-08-06', 'aktif'),
('JDWL25080732', 32, '2025-08-07', 'aktif'),
('JDWL25080733', 33, '2025-08-07', 'aktif'),
('JDWL25080734', 34, '2025-08-07', 'aktif'),
('JDWL25080832', 32, '2025-08-08', 'aktif'),
('JDWL25080833', 33, '2025-08-08', 'aktif'),
('JDWL25080834', 34, '2025-08-08', 'aktif'),
('JDWL25081132', 32, '2025-08-11', 'aktif'),
('JDWL25081133', 33, '2025-08-11', 'aktif'),
('JDWL25081134', 34, '2025-08-11', 'aktif'),
('JDWL25081232', 32, '2025-08-12', 'aktif'),
('JDWL25081233', 33, '2025-08-12', 'aktif'),
('JDWL25081234', 34, '2025-08-12', 'aktif'),
('JDWL25081332', 32, '2025-08-13', 'aktif'),
('JDWL25081333', 33, '2025-08-13', 'aktif'),
('JDWL25081334', 34, '2025-08-13', 'aktif'),
('JDWL25081432', 32, '2025-08-14', 'aktif'),
('JDWL25081433', 33, '2025-08-14', 'aktif'),
('JDWL25081434', 34, '2025-08-14', 'aktif'),
('JDWL25081532', 32, '2025-08-15', 'aktif'),
('JDWL25081533', 33, '2025-08-15', 'aktif'),
('JDWL25081534', 34, '2025-08-15', 'aktif'),
('JDWL25081832', 32, '2025-08-18', 'aktif'),
('JDWL25081833', 33, '2025-08-18', 'aktif'),
('JDWL25081834', 34, '2025-08-18', 'aktif'),
('JDWL25081932', 32, '2025-08-19', 'aktif'),
('JDWL25081933', 33, '2025-08-19', 'aktif'),
('JDWL25081934', 34, '2025-08-19', 'aktif'),
('JDWL25082032', 32, '2025-08-20', 'aktif'),
('JDWL25082033', 33, '2025-08-20', 'aktif'),
('JDWL25082034', 34, '2025-08-20', 'aktif'),
('JDWL25082132', 32, '2025-08-21', 'aktif'),
('JDWL25082133', 33, '2025-08-21', 'aktif'),
('JDWL25082134', 34, '2025-08-21', 'aktif'),
('JDWL25082232', 32, '2025-08-22', 'aktif'),
('JDWL25082233', 33, '2025-08-22', 'aktif'),
('JDWL25082234', 34, '2025-08-22', 'aktif'),
('JDWL25082532', 32, '2025-08-25', 'aktif'),
('JDWL25082533', 33, '2025-08-25', 'aktif'),
('JDWL25082534', 34, '2025-08-25', 'aktif'),
('JDWL25082632', 32, '2025-08-26', 'aktif'),
('JDWL25082633', 33, '2025-08-26', 'aktif'),
('JDWL25082634', 34, '2025-08-26', 'aktif'),
('JDWL25082732', 32, '2025-08-27', 'aktif'),
('JDWL25082733', 33, '2025-08-27', 'aktif'),
('JDWL25082734', 34, '2025-08-27', 'aktif'),
('JDWL25082832', 32, '2025-08-28', 'aktif'),
('JDWL25082833', 33, '2025-08-28', 'aktif'),
('JDWL25082834', 34, '2025-08-28', 'aktif'),
('JDWL25082932', 32, '2025-08-29', 'aktif'),
('JDWL25082933', 33, '2025-08-29', 'aktif'),
('JDWL25082934', 34, '2025-08-29', 'aktif'),
('JDWL25090132', 32, '2025-09-01', 'aktif'),
('JDWL25090133', 33, '2025-09-01', 'aktif'),
('JDWL25090134', 34, '2025-09-01', 'aktif'),
('JDWL25090232', 32, '2025-09-02', 'aktif'),
('JDWL25090233', 33, '2025-09-02', 'aktif'),
('JDWL25090234', 34, '2025-09-02', 'aktif'),
('JDWL25090332', 32, '2025-09-03', 'aktif'),
('JDWL25090333', 33, '2025-09-03', 'aktif'),
('JDWL25090334', 34, '2025-09-03', 'aktif'),
('JDWL25090432', 32, '2025-09-04', 'aktif'),
('JDWL25090433', 33, '2025-09-04', 'aktif'),
('JDWL25090434', 34, '2025-09-04', 'aktif'),
('JDWL25090532', 32, '2025-09-05', 'aktif'),
('JDWL25090533', 33, '2025-09-05', 'aktif'),
('JDWL25090534', 34, '2025-09-05', 'aktif'),
('JDWL25090832', 32, '2025-09-08', 'aktif'),
('JDWL25090833', 33, '2025-09-08', 'aktif'),
('JDWL25090834', 34, '2025-09-08', 'aktif'),
('JDWL25090932', 32, '2025-09-09', 'aktif'),
('JDWL25090933', 33, '2025-09-09', 'aktif'),
('JDWL25090934', 34, '2025-09-09', 'aktif'),
('JDWL25091032', 32, '2025-09-10', 'aktif'),
('JDWL25091033', 33, '2025-09-10', 'aktif'),
('JDWL25091034', 34, '2025-09-10', 'aktif'),
('JDWL25091132', 32, '2025-09-11', 'aktif'),
('JDWL25091133', 33, '2025-09-11', 'aktif'),
('JDWL25091134', 34, '2025-09-11', 'aktif'),
('JDWL25091232', 32, '2025-09-12', 'aktif'),
('JDWL25091233', 33, '2025-09-12', 'aktif'),
('JDWL25091234', 34, '2025-09-12', 'aktif'),
('JDWL25091532', 32, '2025-09-15', 'aktif'),
('JDWL25091533', 33, '2025-09-15', 'aktif'),
('JDWL25091534', 34, '2025-09-15', 'aktif'),
('JDWL25091632', 32, '2025-09-16', 'aktif'),
('JDWL25091633', 33, '2025-09-16', 'aktif'),
('JDWL25091634', 34, '2025-09-16', 'aktif'),
('JDWL25091732', 32, '2025-09-17', 'aktif'),
('JDWL25091733', 33, '2025-09-17', 'aktif'),
('JDWL25091734', 34, '2025-09-17', 'aktif'),
('JDWL25091832', 32, '2025-09-18', 'aktif'),
('JDWL25091833', 33, '2025-09-18', 'aktif'),
('JDWL25091834', 34, '2025-09-18', 'aktif'),
('JDWL25091932', 32, '2025-09-19', 'aktif'),
('JDWL25091933', 33, '2025-09-19', 'aktif'),
('JDWL25091934', 34, '2025-09-19', 'aktif'),
('JDWL25092232', 32, '2025-09-22', 'aktif'),
('JDWL25092233', 33, '2025-09-22', 'aktif'),
('JDWL25092234', 34, '2025-09-22', 'aktif'),
('JDWL25092332', 32, '2025-09-23', 'aktif'),
('JDWL25092333', 33, '2025-09-23', 'aktif'),
('JDWL25092334', 34, '2025-09-23', 'aktif'),
('JDWL25092432', 32, '2025-09-24', 'aktif'),
('JDWL25092433', 33, '2025-09-24', 'aktif'),
('JDWL25092434', 34, '2025-09-24', 'aktif'),
('JDWL25092532', 32, '2025-09-25', 'aktif'),
('JDWL25092533', 33, '2025-09-25', 'aktif'),
('JDWL25092534', 34, '2025-09-25', 'aktif'),
('JDWL25092632', 32, '2025-09-26', 'aktif'),
('JDWL25092633', 33, '2025-09-26', 'aktif'),
('JDWL25092634', 34, '2025-09-26', 'aktif'),
('JDWL25092932', 32, '2025-09-29', 'aktif'),
('JDWL25092933', 33, '2025-09-29', 'aktif'),
('JDWL25092934', 34, '2025-09-29', 'aktif'),
('JDWL25093032', 32, '2025-09-30', 'aktif'),
('JDWL25093033', 33, '2025-09-30', 'aktif'),
('JDWL25093034', 34, '2025-09-30', 'aktif'),
('JDWL25100132', 32, '2025-10-01', 'aktif'),
('JDWL25100133', 33, '2025-10-01', 'aktif'),
('JDWL25100134', 34, '2025-10-01', 'aktif'),
('JDWL25100232', 32, '2025-10-02', 'aktif'),
('JDWL25100233', 33, '2025-10-02', 'aktif'),
('JDWL25100234', 34, '2025-10-02', 'aktif'),
('JDWL25100332', 32, '2025-10-03', 'aktif'),
('JDWL25100333', 33, '2025-10-03', 'aktif'),
('JDWL25100334', 34, '2025-10-03', 'aktif'),
('JDWL25100632', 32, '2025-10-06', 'aktif'),
('JDWL25100633', 33, '2025-10-06', 'aktif'),
('JDWL25100634', 34, '2025-10-06', 'aktif'),
('JDWL25100732', 32, '2025-10-07', 'aktif'),
('JDWL25100733', 33, '2025-10-07', 'aktif'),
('JDWL25100734', 34, '2025-10-07', 'aktif'),
('JDWL25100832', 32, '2025-10-08', 'aktif'),
('JDWL25100833', 33, '2025-10-08', 'aktif'),
('JDWL25100834', 34, '2025-10-08', 'aktif'),
('JDWL25100932', 32, '2025-10-09', 'aktif'),
('JDWL25100933', 33, '2025-10-09', 'aktif'),
('JDWL25100934', 34, '2025-10-09', 'aktif'),
('JDWL25101032', 32, '2025-10-10', 'aktif'),
('JDWL25101033', 33, '2025-10-10', 'aktif'),
('JDWL25101034', 34, '2025-10-10', 'aktif'),
('JDWL25101332', 32, '2025-10-13', 'aktif'),
('JDWL25101333', 33, '2025-10-13', 'aktif'),
('JDWL25101334', 34, '2025-10-13', 'aktif'),
('JDWL25101432', 32, '2025-10-14', 'aktif'),
('JDWL25101433', 33, '2025-10-14', 'aktif'),
('JDWL25101434', 34, '2025-10-14', 'aktif'),
('JDWL25101532', 32, '2025-10-15', 'aktif'),
('JDWL25101533', 33, '2025-10-15', 'aktif'),
('JDWL25101534', 34, '2025-10-15', 'aktif'),
('JDWL25101632', 32, '2025-10-16', 'aktif'),
('JDWL25101633', 33, '2025-10-16', 'aktif'),
('JDWL25101634', 34, '2025-10-16', 'aktif'),
('JDWL25101732', 32, '2025-10-17', 'aktif'),
('JDWL25101733', 33, '2025-10-17', 'aktif'),
('JDWL25101734', 34, '2025-10-17', 'aktif'),
('JDWL25102032', 32, '2025-10-20', 'aktif'),
('JDWL25102033', 33, '2025-10-20', 'aktif'),
('JDWL25102034', 34, '2025-10-20', 'aktif'),
('JDWL25102132', 32, '2025-10-21', 'aktif'),
('JDWL25102133', 33, '2025-10-21', 'aktif'),
('JDWL25102134', 34, '2025-10-21', 'aktif'),
('JDWL25102232', 32, '2025-10-22', 'aktif'),
('JDWL25102233', 33, '2025-10-22', 'aktif'),
('JDWL25102234', 34, '2025-10-22', 'aktif'),
('JDWL25102332', 32, '2025-10-23', 'aktif'),
('JDWL25102333', 33, '2025-10-23', 'aktif'),
('JDWL25102334', 34, '2025-10-23', 'aktif'),
('JDWL25102432', 32, '2025-10-24', 'aktif'),
('JDWL25102433', 33, '2025-10-24', 'aktif'),
('JDWL25102434', 34, '2025-10-24', 'aktif'),
('JDWL25102732', 32, '2025-10-27', 'aktif'),
('JDWL25102733', 33, '2025-10-27', 'aktif'),
('JDWL25102734', 34, '2025-10-27', 'aktif'),
('JDWL25102832', 32, '2025-10-28', 'aktif'),
('JDWL25102833', 33, '2025-10-28', 'aktif'),
('JDWL25102834', 34, '2025-10-28', 'aktif'),
('JDWL25102932', 32, '2025-10-29', 'aktif'),
('JDWL25102933', 33, '2025-10-29', 'aktif'),
('JDWL25102934', 34, '2025-10-29', 'aktif'),
('JDWL25103032', 32, '2025-10-30', 'aktif'),
('JDWL25103033', 33, '2025-10-30', 'aktif'),
('JDWL25103034', 34, '2025-10-30', 'aktif'),
('JDWL25103132', 32, '2025-10-31', 'aktif'),
('JDWL25103133', 33, '2025-10-31', 'aktif'),
('JDWL25103134', 34, '2025-10-31', 'aktif'),
('JDWL25110332', 32, '2025-11-03', 'aktif'),
('JDWL25110333', 33, '2025-11-03', 'aktif'),
('JDWL25110334', 34, '2025-11-03', 'aktif'),
('JDWL25110432', 32, '2025-11-04', 'aktif'),
('JDWL25110433', 33, '2025-11-04', 'aktif'),
('JDWL25110434', 34, '2025-11-04', 'aktif'),
('JDWL25110532', 32, '2025-11-05', 'aktif'),
('JDWL25110533', 33, '2025-11-05', 'aktif'),
('JDWL25110534', 34, '2025-11-05', 'aktif'),
('JDWL25110632', 32, '2025-11-06', 'aktif'),
('JDWL25110633', 33, '2025-11-06', 'aktif'),
('JDWL25110634', 34, '2025-11-06', 'aktif'),
('JDWL25110732', 32, '2025-11-07', 'aktif'),
('JDWL25110733', 33, '2025-11-07', 'aktif'),
('JDWL25110734', 34, '2025-11-07', 'aktif'),
('JDWL25111032', 32, '2025-11-10', 'aktif'),
('JDWL25111033', 33, '2025-11-10', 'aktif'),
('JDWL25111034', 34, '2025-11-10', 'aktif'),
('JDWL25111132', 32, '2025-11-11', 'aktif'),
('JDWL25111133', 33, '2025-11-11', 'aktif'),
('JDWL25111134', 34, '2025-11-11', 'aktif'),
('JDWL25111232', 32, '2025-11-12', 'aktif'),
('JDWL25111233', 33, '2025-11-12', 'aktif'),
('JDWL25111234', 34, '2025-11-12', 'aktif'),
('JDWL25111332', 32, '2025-11-13', 'aktif'),
('JDWL25111333', 33, '2025-11-13', 'aktif'),
('JDWL25111334', 34, '2025-11-13', 'aktif'),
('JDWL25111432', 32, '2025-11-14', 'aktif'),
('JDWL25111433', 33, '2025-11-14', 'aktif'),
('JDWL25111434', 34, '2025-11-14', 'aktif'),
('JDWL25111732', 32, '2025-11-17', 'aktif'),
('JDWL25111733', 33, '2025-11-17', 'aktif'),
('JDWL25111734', 34, '2025-11-17', 'aktif'),
('JDWL25111832', 32, '2025-11-18', 'aktif'),
('JDWL25111833', 33, '2025-11-18', 'aktif'),
('JDWL25111834', 34, '2025-11-18', 'aktif'),
('JDWL25111932', 32, '2025-11-19', 'aktif'),
('JDWL25111933', 33, '2025-11-19', 'aktif'),
('JDWL25111934', 34, '2025-11-19', 'aktif'),
('JDWL25112032', 32, '2025-11-20', 'aktif'),
('JDWL25112033', 33, '2025-11-20', 'aktif'),
('JDWL25112034', 34, '2025-11-20', 'aktif'),
('JDWL25112132', 32, '2025-11-21', 'aktif'),
('JDWL25112133', 33, '2025-11-21', 'aktif'),
('JDWL25112134', 34, '2025-11-21', 'aktif'),
('JDWL25112432', 32, '2025-11-24', 'aktif'),
('JDWL25112433', 33, '2025-11-24', 'aktif'),
('JDWL25112434', 34, '2025-11-24', 'aktif'),
('JDWL25112532', 32, '2025-11-25', 'aktif'),
('JDWL25112533', 33, '2025-11-25', 'aktif'),
('JDWL25112534', 34, '2025-11-25', 'aktif'),
('JDWL25112632', 32, '2025-11-26', 'aktif'),
('JDWL25112633', 33, '2025-11-26', 'aktif'),
('JDWL25112634', 34, '2025-11-26', 'aktif'),
('JDWL25112732', 32, '2025-11-27', 'aktif'),
('JDWL25112733', 33, '2025-11-27', 'aktif'),
('JDWL25112734', 34, '2025-11-27', 'aktif'),
('JDWL25112832', 32, '2025-11-28', 'aktif'),
('JDWL25112833', 33, '2025-11-28', 'aktif'),
('JDWL25112834', 34, '2025-11-28', 'aktif'),
('JDWL25120132', 32, '2025-12-01', 'aktif'),
('JDWL25120133', 33, '2025-12-01', 'aktif'),
('JDWL25120134', 34, '2025-12-01', 'aktif'),
('JDWL25120232', 32, '2025-12-02', 'aktif'),
('JDWL25120233', 33, '2025-12-02', 'aktif'),
('JDWL25120234', 34, '2025-12-02', 'aktif'),
('JDWL25120332', 32, '2025-12-03', 'aktif'),
('JDWL25120333', 33, '2025-12-03', 'aktif'),
('JDWL25120334', 34, '2025-12-03', 'aktif'),
('JDWL25120432', 32, '2025-12-04', 'aktif'),
('JDWL25120433', 33, '2025-12-04', 'aktif'),
('JDWL25120434', 34, '2025-12-04', 'aktif'),
('JDWL25120532', 32, '2025-12-05', 'aktif'),
('JDWL25120533', 33, '2025-12-05', 'aktif'),
('JDWL25120534', 34, '2025-12-05', 'aktif'),
('JDWL25120832', 32, '2025-12-08', 'aktif'),
('JDWL25120833', 33, '2025-12-08', 'aktif'),
('JDWL25120834', 34, '2025-12-08', 'aktif'),
('JDWL25120932', 32, '2025-12-09', 'aktif'),
('JDWL25120933', 33, '2025-12-09', 'aktif'),
('JDWL25120934', 34, '2025-12-09', 'aktif'),
('JDWL25121032', 32, '2025-12-10', 'aktif'),
('JDWL25121033', 33, '2025-12-10', 'aktif'),
('JDWL25121034', 34, '2025-12-10', 'aktif'),
('JDWL25121132', 32, '2025-12-11', 'aktif'),
('JDWL25121133', 33, '2025-12-11', 'aktif'),
('JDWL25121134', 34, '2025-12-11', 'aktif'),
('JDWL25121232', 32, '2025-12-12', 'aktif'),
('JDWL25121233', 33, '2025-12-12', 'aktif'),
('JDWL25121234', 34, '2025-12-12', 'aktif'),
('JDWL25121532', 32, '2025-12-15', 'aktif'),
('JDWL25121533', 33, '2025-12-15', 'aktif'),
('JDWL25121534', 34, '2025-12-15', 'aktif'),
('JDWL25121632', 32, '2025-12-16', 'aktif'),
('JDWL25121633', 33, '2025-12-16', 'aktif'),
('JDWL25121634', 34, '2025-12-16', 'aktif'),
('JDWL25121732', 32, '2025-12-17', 'aktif'),
('JDWL25121733', 33, '2025-12-17', 'aktif'),
('JDWL25121734', 34, '2025-12-17', 'aktif'),
('JDWL25121832', 32, '2025-12-18', 'aktif'),
('JDWL25121833', 33, '2025-12-18', 'aktif'),
('JDWL25121834', 34, '2025-12-18', 'aktif'),
('JDWL25121932', 32, '2025-12-19', 'aktif'),
('JDWL25121933', 33, '2025-12-19', 'aktif'),
('JDWL25121934', 34, '2025-12-19', 'aktif'),
('JDWL25122233', 33, '2025-12-22', 'aktif'),
('JDWL25122234', 34, '2025-12-22', 'aktif');

-- --------------------------------------------------------

--
-- Struktur dari tabel `jawabans`
--

CREATE TABLE `jawabans` (
  `id_jawaban` int(11) NOT NULL,
  `id_soal` int(11) NOT NULL,
  `jawaban` text NOT NULL
) ENGINE=InnoDB DEFAULT CHARSET=utf8mb4 COLLATE=utf8mb4_general_ci;

--
-- Dumping data untuk tabel `jawabans`
--

INSERT INTO `jawabans` (`id_jawaban`, `id_soal`, `jawaban`) VALUES
(125, 265, '速い (hayai)'),
(126, 266, '楽しい (tanoshii)'),
(127, 267, '綺麗な (kireina)'),
(128, 268, '頑丈な (ganjō na)'),
(129, 269, '涼しい (suzushii)'),
(130, 275, '教師 (kyoushi)'),
(131, 276, '晴れ (hare)'),
(132, 287, '生徒 (seito)'),
(133, 288, '日曜日 (nichiyoubi)'),
(134, 294, 'Mobil'),
(135, 310, 'の (no)'),
(136, 311, 'で (de)'),
(137, 312, 'へ (e)'),
(143, 344, '3');

-- --------------------------------------------------------

--
-- Struktur dari tabel `kelas`
--

CREATE TABLE `kelas` (
  `id_kelas` int(11) NOT NULL,
  `nama_kelas` varchar(15) NOT NULL,
  `kuota_siswa` int(2) NOT NULL,
  `id_ins` varchar(5) DEFAULT NULL
) ENGINE=InnoDB DEFAULT CHARSET=utf8mb4 COLLATE=utf8mb4_general_ci;

--
-- Dumping data untuk tabel `kelas`
--

INSERT INTO `kelas` (`id_kelas`, `nama_kelas`, `kuota_siswa`, `id_ins`) VALUES
(32, 'Kitsune', 4, 'Ins1'),
(33, 'Kuma', 12, 'Ins3'),
(34, 'Slime', 10, 'Ins2');

-- --------------------------------------------------------

--
-- Struktur dari tabel `komp_nilais`
--

CREATE TABLE `komp_nilais` (
  `id_komp_nilai` int(11) NOT NULL,
  `nama_komp_nilai` varchar(50) NOT NULL,
  `proporsi_nilai` float NOT NULL
) ENGINE=InnoDB DEFAULT CHARSET=utf8mb4 COLLATE=utf8mb4_general_ci;

--
-- Dumping data untuk tabel `komp_nilais`
--

INSERT INTO `komp_nilais` (`id_komp_nilai`, `nama_komp_nilai`, `proporsi_nilai`) VALUES
(25, 'Kuis', 25),
(26, 'Tokutei Ginou', 35),
(27, 'JFT (Japan Foundation Test)', 35),
(28, 'Kehadiran', 5);

-- --------------------------------------------------------

--
-- Struktur dari tabel `kuis`
--

CREATE TABLE `kuis` (
  `id_kuis` varchar(15) NOT NULL,
  `id_mapel` varchar(15) NOT NULL,
  `judul_kuis` varchar(50) NOT NULL
) ENGINE=InnoDB DEFAULT CHARSET=utf8mb4 COLLATE=utf8mb4_general_ci;

--
-- Dumping data untuk tabel `kuis`
--

INSERT INTO `kuis` (`id_kuis`, `id_mapel`, `judul_kuis`) VALUES
('KUISBJP0011', 'BJP001', 'Sinonim Kata'),
('KUISBJP0022', 'BJP002', 'Menghubungkan Kata'),
('KUISBJP0033', 'BJP003', 'Menyambungkan Kanji'),
('KUISBJP0044', 'BJP004', 'Hiragana dan Katakana Dasar'),
('KUISBJP0055', 'BJP005', 'Partikel Sederhana'),
('KUISBJP0066', 'BJP006', 'Ungkapan Umum'),
('KUISBJP0098', 'BJP009', 'sachou 1');

-- --------------------------------------------------------

--
-- Struktur dari tabel `log_kuis`
--

CREATE TABLE `log_kuis` (
  `id_log` int(5) NOT NULL,
  `id_kuis` varchar(15) NOT NULL,
  `start_time` time NOT NULL,
  `id_siswa` varchar(15) NOT NULL
) ENGINE=InnoDB DEFAULT CHARSET=utf8mb4 COLLATE=utf8mb4_general_ci;

-- --------------------------------------------------------

--
-- Struktur dari tabel `mapels`
--

CREATE TABLE `mapels` (
  `id_mapel` varchar(15) NOT NULL,
  `nama_mapel` varchar(50) NOT NULL,
  `thn_akademik` year(4) NOT NULL
) ENGINE=InnoDB DEFAULT CHARSET=utf8mb4 COLLATE=utf8mb4_general_ci;

--
-- Dumping data untuk tabel `mapels`
--

INSERT INTO `mapels` (`id_mapel`, `nama_mapel`, `thn_akademik`) VALUES
('BJP001', 'Persamaan Kata-kata', '2025'),
('BJP002', 'Kata yang Berhubungan', '2025'),
('BJP003', 'Menyambungkan Kanji', '2025'),
('BJP004', 'Hiragana dan Katakana', '2025'),
('BJP005', 'Partikel dalam Bahasa Jepang', '2025'),
('BJP006', 'Ungkapan Umum dalam Percakapan', '2025'),
('BJP007', 'Menyusun Kalimat Kompleks', '2025'),
('BJP008', 'Kata Kerja dan Konjugasinya', '2025'),
('BJP009', 'Percakapan dengan Sacho', '2025');

-- --------------------------------------------------------

--
-- Struktur dari tabel `materis`
--

CREATE TABLE `materis` (
  `id_materi` varchar(25) NOT NULL,
  `judul_materi` varchar(25) NOT NULL,
  `dok_materi` text NOT NULL,
  `tgl_unggah` date NOT NULL,
  `id_mapel` varchar(8) NOT NULL
) ENGINE=InnoDB DEFAULT CHARSET=utf8mb4 COLLATE=utf8mb4_general_ci;

--
-- Dumping data untuk tabel `materis`
--

INSERT INTO `materis` (`id_materi`, `judul_materi`, `dok_materi`, `tgl_unggah`, `id_mapel`) VALUES
('MBJP00BJP0011', 'Kata Sapaan', 'file/materi/file_materi_Kata Sapaan.pdf', '2025-01-09', 'BJP001'),
('MBJP00BJP0012', 'Sinonim Sederhana', 'file/materi/file_materi_Sinonim Sederhana.pdf', '2025-01-09', 'BJP001'),
('MBJP00BJP0021', 'Hubungan Kosakata', 'file/materi/file_materi_Hubungan Kosakata.pdf', '2025-01-09', 'BJP002'),
('MBJP00BJP0022', 'Keterkaitan Kata', 'file/materi/file_materi_Keterkaitan Kata.pdf', '2025-01-09', 'BJP002'),
('MBJP00BJP0023', 'Keterkaitan Kosakata', 'file/materi/file_materi_Keterkaitan Kosakata.pdf', '2025-01-09', 'BJP002'),
('MBJP00BJP0031', 'Hubungan dan Makna Kanji', 'file/materi/file_materi_Hubungan dan Makna Kanji.pdf', '2025-01-09', 'BJP003'),
('MBJP00BJP0032', 'Kombinasi Kanji', 'file/materi/file_materi_Kombinasi Kanji.pdf', '2025-01-09', 'BJP003'),
('MBJP00BJP0033', 'Kanji dan Penggunaannya', 'file/materi/file_materi_Kanji dan Penggunaannya.pdf', '2025-01-09', 'BJP003'),
('MBJP00BJP0034', 'Kanji dan Kosakata', 'file/materi/file_materi_Kanji dan Kosakata.pdf', '2025-01-09', 'BJP003'),
('MBJP00BJP0041', 'Hiragana Dasar', 'file/materi/file_materi_Hiragana Dasar.pdf', '2025-01-09', 'BJP004'),
('MBJP00BJP0042', 'Kosakata Keluarga', 'file/materi/file_materi_Kosakata Keluarga.pdf', '2025-01-09', 'BJP004'),
('MBJP00BJP0043', 'Pola Kalimat Sederhana', 'file/materi/file_materi_Pola Kalimat Sederhana.pdf', '2025-01-09', 'BJP004'),
('MBJP00BJP0044', 'Kata Tanya Dasar', 'file/materi/file_materi_Kata Tanya Dasar.pdf', '2025-01-09', 'BJP004'),
('MBJP00BJP0045', 'Kata Kerja -ます', 'file/materi/file_materi_Kata Kerja -ます.pdf', '2025-01-09', 'BJP004'),
('MBJP00BJP0051', 'Partikel は (wa)', 'file/materi/file_materi_Partikel は (wa).pdf', '2025-01-09', 'BJP005'),
('MBJP00BJP00510', 'Partikel untuk Waktu', 'file/materi/file_materi_Partikel untuk Waktu.pdf', '2025-01-09', 'BJP005'),
('MBJP00BJP0052', 'Partikel が (ga)', 'file/materi/file_materi_Partikel が (ga).pdf', '2025-01-09', 'BJP005'),
('MBJP00BJP0053', 'Partikel を (wo)', 'file/materi/file_materi_Partikel を (wo).pdf', '2025-01-09', 'BJP005'),
('MBJP00BJP0054', 'Partikel で (de)', 'file/materi/file_materi_Partikel で (de).pdf', '2025-01-09', 'BJP005'),
('MBJP00BJP0055', 'Partikel に (ni)', 'file/materi/file_materi_Partikel に (ni).pdf', '2025-01-09', 'BJP005'),
('MBJP00BJP0056', 'Partikel へ (e)', 'file/materi/file_materi_Partikel へ (e).pdf', '2025-01-09', 'BJP005'),
('MBJP00BJP0057', 'Partikel と (to)', 'file/materi/file_materi_Partikel と (to).pdf', '2025-01-09', 'BJP005'),
('MBJP00BJP0058', 'Partikel も (mo)', 'file/materi/file_materi_Partikel も (mo).pdf', '2025-01-09', 'BJP005'),
('MBJP00BJP0059', 'Partikel untuk Tempat', 'file/materi/file_materi_Partikel untuk Tempat.pdf', '2025-01-09', 'BJP005'),
('MBJP00BJP0061', 'Salam Sehari-Hari', 'file/materi/file_materi_Salam Sehari-Hari.pdf', '2025-01-09', 'BJP006'),
('MBJP00BJP0062', 'Perkenalan Diri', 'file/materi/file_materi_Perkenalan Diri.pdf', '2025-01-09', 'BJP006'),
('MBJP00BJP0063', 'Meminta Maaf', 'file/materi/file_materi_Meminta Maaf.pdf', '2025-01-09', 'BJP006'),
('MBJP00BJP0064', 'Mengucapkan Terima Kasih', 'file/materi/file_materi_Mengucapkan Terima Kasih.pdf', '2025-01-09', 'BJP006'),
('MBJP00BJP0065', 'Ungkapan Permisi', 'file/materi/file_materi_Ungkapan Permisi.pdf', '2025-01-09', 'BJP006'),
('MBJP00BJP0071', 'Penggunaan Kata Sifat', 'file/materi/file_materi_Penggunaan Kata Sifat.pdf', '2025-01-09', 'BJP007'),
('MBJP00BJP0072', 'Kata Kerja Bentuk -て', 'file/materi/file_materi_Kata Kerja Bentuk -て.pdf', '2025-01-09', 'BJP007'),
('MBJP00BJP0073', 'Penggunaan ので', 'file/materi/file_materi_Penggunaan ので.pdf', '2025-01-09', 'BJP007'),
('MBJP00BJP0081', 'Kata Kerja Dasar', 'file/materi/file_materi_Kata Kerja Dasar.pdf', '2025-01-09', 'BJP008'),
('MBJP00BJP0082', 'Konjugasi Bentuk -ます', 'file/materi/file_materi_Konjugasi Bentuk -ます.pdf', '2025-01-09', 'BJP008'),
('MBJP00BJP0083', 'Konjugasi Bentuk -て', 'file/materi/file_materi_Konjugasi Bentuk -て.pdf', '2025-01-09', 'BJP008'),
('MBJP00BJP0084', 'Kata Kerja -た', 'file/materi/file_materi_Kata Kerja -た.pdf', '2025-01-09', 'BJP008'),
('MBJP00BJP0085', 'Kata Kerja Negatif', 'file/materi/file_materi_Kata Kerja Negatif.pdf', '2025-01-09', 'BJP008'),
('MBJP00BJP0091', 'sachou', 'file/materi/file_materi_sachou.pdf', '2025-01-13', 'BJP009');

-- --------------------------------------------------------

--
-- Struktur dari tabel `migrations`
--

CREATE TABLE `migrations` (
  `id` int(10) UNSIGNED NOT NULL,
  `migration` varchar(255) NOT NULL,
  `batch` int(11) NOT NULL
) ENGINE=InnoDB DEFAULT CHARSET=utf8mb4 COLLATE=utf8mb4_unicode_ci;

-- --------------------------------------------------------

--
-- Struktur dari tabel `nilais`
--

CREATE TABLE `nilais` (
  `id_nilai` int(11) NOT NULL,
  `nilai` int(3) DEFAULT NULL,
  `id_siswa` varchar(15) NOT NULL,
  `id_komp_nilai` int(11) NOT NULL
) ENGINE=InnoDB DEFAULT CHARSET=utf8mb4 COLLATE=utf8mb4_general_ci;

--
-- Dumping data untuk tabel `nilais`
--

INSERT INTO `nilais` (`id_nilai`, `nilai`, `id_siswa`, `id_komp_nilai`) VALUES
(30, 90, 'Siswa2', 25),
(31, 90, 'Siswa2', 26),
(32, 85, 'Siswa2', 27),
(33, 100, 'Siswa2', 28),
(34, 90, 'Siswa3', 25),
(35, 90, 'Siswa3', 26),
(36, 90, 'Siswa3', 27),
(37, 100, 'Siswa3', 28),
(38, 100, 'Siswa4', 25),
(39, 0, 'Siswa4', 26),
(40, 0, 'Siswa4', 27),
(41, 100, 'Siswa4', 28),
(42, 85, 'Siswa7', 25),
(43, 85, 'Siswa7', 26),
(44, 90, 'Siswa7', 27),
(45, 95, 'Siswa7', 28);

-- --------------------------------------------------------

--
-- Struktur dari tabel `nilai_kuis`
--

CREATE TABLE `nilai_kuis` (
  `id_nilai_kuis` int(11) NOT NULL,
  `id_kuis` varchar(15) NOT NULL,
  `nilai_fix` int(3) DEFAULT NULL,
  `nilai_sementara` int(3) DEFAULT NULL,
  `id_siswa` varchar(15) NOT NULL
) ENGINE=InnoDB DEFAULT CHARSET=utf8mb4 COLLATE=utf8mb4_general_ci;

--
-- Dumping data untuk tabel `nilai_kuis`
--

INSERT INTO `nilai_kuis` (`id_nilai_kuis`, `id_kuis`, `nilai_fix`, `nilai_sementara`, `id_siswa`) VALUES
(43, 'KUISBJP0011', 72, NULL, 'Siswa2'),
(44, 'KUISBJP0022', 68, NULL, 'Siswa2'),
(45, 'KUISBJP0011', 60, NULL, 'Siswa7'),
(46, 'KUISBJP0022', NULL, 20, 'Siswa7'),
(47, 'KUISBJP0033', 67, NULL, 'Siswa2');

-- --------------------------------------------------------

--
-- Struktur dari tabel `opsi_pgs`
--

CREATE TABLE `opsi_pgs` (
  `id_opsi` int(11) NOT NULL,
  `opsi` text NOT NULL,
  `id_soal` int(11) NOT NULL
) ENGINE=InnoDB DEFAULT CHARSET=utf8mb4 COLLATE=utf8mb4_general_ci;

--
-- Dumping data untuk tabel `opsi_pgs`
--

INSERT INTO `opsi_pgs` (`id_opsi`, `opsi`, `id_soal`) VALUES
(484, '遅い (osoi)', 265),
(485, '速い (hayai)', 265),
(486, '小さい (chiisai)', 265),
(487, '高い (takai)', 265),
(488, '寂しい (sabishii)', 266),
(489, '悲しい (kanashii)', 266),
(490, '楽しい (tanoshii)', 266),
(491, '面白い (omoshiroi)', 266),
(492, '醜い (minikui)', 267),
(493, '綺麗な (kireina)', 267),
(494, '汚い (kitanai)', 267),
(495, '大きい (ookii)', 267),
(496, '弱い (yowai)', 268),
(497, '明るい (akarui)', 268),
(498, '速い (hayai)', 268),
(499, '頑丈な (ganjō na)', 268),
(500, '暑い (atsui)', 269),
(501, '温かい (atatakai)', 269),
(502, '涼しい (suzushii)', 269),
(503, '大きい (ookii)', 269),
(504, '本 (hon)', 275),
(505, '教師 (kyoushi)', 275),
(506, '車 (kuruma)', 275),
(507, '食べ物 (tabemono)', 275),
(508, '晴れ (hare)', 276),
(509, '電話 (denwa)', 276),
(510, '音楽 (ongaku)', 276),
(511, '食事 (shokuji)', 276),
(512, '先生 (sensei)', 287),
(513, '生徒 (seito)', 287),
(514, '観光 (kankou)', 287),
(515, '学問 (gakumon)', 287),
(516, '日月 (nichigetsu)', 288),
(517, '月曜日 (getsuyoubi)', 288),
(518, '日曜日 (nichiyoubi)', 288),
(519, '木曜日 (mokuyoubi)', 288),
(520, 'Mobil', 294),
(521, 'Pesawat terbang', 294),
(522, 'Sepeda', 294),
(523, 'Bus', 294),
(524, 'は (wa)', 310),
(525, 'が (ga)', 310),
(526, 'の (no)', 310),
(527, 'と (to)', 310),
(528, 'へ (e)', 311),
(529, 'で (de)', 311),
(530, 'の (no)', 311),
(531, 'と (to)', 311),
(532, 'は (wa)', 312),
(533, 'へ (e)', 312),
(534, 'と (to)', 312),
(535, 'が (ga)', 312),
(556, '19', 344),
(557, '2', 344),
(558, '3', 344),
(559, '4', 344);

-- --------------------------------------------------------

--
-- Struktur dari tabel `riwayat_pengerjaans`
--

CREATE TABLE `riwayat_pengerjaans` (
  `id_riwayat` int(11) NOT NULL,
  `id_kuis` varchar(15) NOT NULL,
  `id_soal` int(11) NOT NULL,
  `jawaban` text DEFAULT NULL,
  `status` varchar(5) DEFAULT NULL,
  `id_siswa` varchar(15) NOT NULL
) ENGINE=InnoDB DEFAULT CHARSET=utf8mb4 COLLATE=utf8mb4_general_ci;

--
-- Dumping data untuk tabel `riwayat_pengerjaans`
--

INSERT INTO `riwayat_pengerjaans` (`id_riwayat`, `id_kuis`, `id_soal`, `jawaban`, `status`, `id_siswa`) VALUES
(208, 'KUISBJP0011', 265, '速い (hayai)', 'benar', 'Siswa2'),
(209, 'KUISBJP0011', 266, '楽しい (tanoshii)', 'benar', 'Siswa2'),
(210, 'KUISBJP0011', 267, '大きい (ookii)', 'salah', 'Siswa2'),
(211, 'KUISBJP0011', 268, '頑丈な (ganjō na)', 'benar', 'Siswa2'),
(212, 'KUISBJP0011', 269, '暑い (atsui)', 'salah', 'Siswa2'),
(213, 'KUISBJP0011', 270, 'jawaban', 'benar', 'Siswa2'),
(214, 'KUISBJP0011', 271, 'jawaban', 'salah', 'Siswa2'),
(215, 'KUISBJP0011', 272, 'jawaban', 'benar', 'Siswa2'),
(216, 'KUISBJP0011', 273, 'jawaban', 'benar', 'Siswa2'),
(217, 'KUISBJP0011', 274, 'jawaban', 'benar', 'Siswa2'),
(218, 'KUISBJP0022', 275, '食べ物 (tabemono)', 'salah', 'Siswa2'),
(219, 'KUISBJP0022', 276, '晴れ (hare)', 'benar', 'Siswa2'),
(220, 'KUISBJP0022', 277, 'jawaban', 'benar', 'Siswa2'),
(221, 'KUISBJP0022', 278, 'jawaban', 'benar', 'Siswa2'),
(222, 'KUISBJP0022', 279, 'jawaban', 'benar', 'Siswa2'),
(223, 'KUISBJP0022', 280, 'jawaban', 'salah', 'Siswa2'),
(224, 'KUISBJP0022', 281, 'jawaban', 'salah', 'Siswa2'),
(225, 'KUISBJP0022', 282, 'jawaban', 'benar', 'Siswa2'),
(226, 'KUISBJP0022', 283, 'jawaban', 'benar', 'Siswa2'),
(227, 'KUISBJP0022', 284, 'jawaban', 'benar', 'Siswa2'),
(228, 'KUISBJP0022', 285, 'jawaban', 'benar', 'Siswa2'),
(229, 'KUISBJP0022', 286, 'jawaban', 'benar', 'Siswa2'),
(230, 'KUISBJP0011', 265, '遅い (osoi)', 'salah', 'Siswa7'),
(231, 'KUISBJP0011', 266, '寂しい (sabishii)', 'salah', 'Siswa7'),
(232, 'KUISBJP0011', 267, '醜い (minikui)', 'salah', 'Siswa7'),
(233, 'KUISBJP0011', 268, '弱い (yowai)', 'salah', 'Siswa7'),
(234, 'KUISBJP0011', 269, '暑い (atsui)', 'salah', 'Siswa7'),
(235, 'KUISBJP0011', 270, 'jawaban', 'benar', 'Siswa7'),
(236, 'KUISBJP0011', 271, 'jawaban', 'benar', 'Siswa7'),
(237, 'KUISBJP0011', 272, 'jawaban', 'benar', 'Siswa7'),
(238, 'KUISBJP0011', 273, 'jawaban', 'benar', 'Siswa7'),
(239, 'KUISBJP0011', 274, 'jawaban', 'benar', 'Siswa7'),
(240, 'KUISBJP0022', 275, '教師 (kyoushi)', 'benar', 'Siswa7'),
(241, 'KUISBJP0022', 276, '電話 (denwa)', 'salah', 'Siswa7'),
(242, 'KUISBJP0022', 277, 'jawaban', NULL, 'Siswa7'),
(243, 'KUISBJP0022', 278, 'jawaban', NULL, 'Siswa7'),
(244, 'KUISBJP0022', 279, 'jawaban', NULL, 'Siswa7'),
(245, 'KUISBJP0022', 280, 'jawaban', NULL, 'Siswa7'),
(246, 'KUISBJP0022', 281, 'jawaban', NULL, 'Siswa7'),
(247, 'KUISBJP0022', 282, 'jawaban', NULL, 'Siswa7'),
(248, 'KUISBJP0022', 283, 'jawaban', NULL, 'Siswa7'),
(249, 'KUISBJP0022', 284, 'jawaban', NULL, 'Siswa7'),
(250, 'KUISBJP0022', 285, 'jawaban', NULL, 'Siswa7'),
(251, 'KUISBJP0022', 286, 'jawaban', NULL, 'Siswa7'),
(252, 'KUISBJP0033', 287, '観光 (kankou)', 'salah', 'Siswa2'),
(253, 'KUISBJP0033', 288, '日曜日 (nichiyoubi)', 'benar', 'Siswa2'),
(254, 'KUISBJP0033', 289, 'jawaban', 'benar', 'Siswa2'),
(255, 'KUISBJP0033', 290, 'jawaban', 'benar', 'Siswa2'),
(256, 'KUISBJP0033', 291, 'jawaban', 'benar', 'Siswa2'),
(257, 'KUISBJP0033', 292, 'jawaban', 'benar', 'Siswa2'),
(258, 'KUISBJP0033', 293, 'jawaban', 'benar', 'Siswa2'),
(259, 'KUISBJP0033', 294, 'Pesawat terbang', 'salah', 'Siswa2'),
(260, 'KUISBJP0033', 295, 'jawaban', 'benar', 'Siswa2'),
(261, 'KUISBJP0033', 296, 'jawaban', 'salah', 'Siswa2'),
(262, 'KUISBJP0033', 297, 'jawaban', 'benar', 'Siswa2'),
(263, 'KUISBJP0033', 298, 'jawaban', 'benar', 'Siswa2'),
(264, 'KUISBJP0033', 299, 'jawaban', 'benar', 'Siswa2');

-- --------------------------------------------------------

--
-- Struktur dari tabel `siswas`
--

CREATE TABLE `siswas` (
  `id_siswa` varchar(10) NOT NULL,
  `nama` varchar(50) NOT NULL,
  `email` varchar(50) NOT NULL,
  `no_hp` varchar(25) NOT NULL,
  `alamat` text NOT NULL,
  `tgl_masuk` date NOT NULL,
  `tgl_lulus` date DEFAULT NULL,
  `id_akun` int(11) DEFAULT NULL,
  `id_bidang` int(11) NOT NULL,
  `id_kelas` int(11) NOT NULL,
  `status` varchar(12) NOT NULL
) ENGINE=InnoDB DEFAULT CHARSET=utf8mb4 COLLATE=utf8mb4_general_ci;

--
-- Dumping data untuk tabel `siswas`
--

INSERT INTO `siswas` (`id_siswa`, `nama`, `email`, `no_hp`, `alamat`, `tgl_masuk`, `tgl_lulus`, `id_akun`, `id_bidang`, `id_kelas`, `status`) VALUES
('Siswa2', 'Wahyu Widodo', 'siswa1@siswa.com', '088903129894', 'Jl. Tembalang Selatan VI No. 25', '2024-02-05', NULL, 115, 15, 32, 'aktif'),
('Siswa3', 'siswa1', 'siswa2@siswa.com', '98903212989', 'Houston', '2024-05-05', '2025-05-05', 110, 22, 32, 'lulus'),
('Siswa4', 'adadwas', 'shidkigaming7@gmail.com', '989031292389', 'adwda', '2024-05-05', '2024-07-05', 111, 22, 32, 'lulus'),
('Siswa5', 'Sinta Mariska', 'siswa3@siswa.com', '081921216675', 'Jl. Tembalang Utara VI No. 25', '2024-05-05', '2024-06-05', 116, 15, 33, 'lulus'),
('Siswa6', 'Tyas Puji', 'siswa4@siswa.com', '098876545578', 'Jl. Tembalang Selatan VI No. 28', '2024-05-05', NULL, 117, 19, 33, 'lulus'),
('Siswa7', 'Gilang', 'siswa5@sis.com', '098876586756', 'Jl. Widuri No. 90', '2024-02-05', NULL, 119, 16, 32, 'aktif');

-- --------------------------------------------------------

--
-- Struktur dari tabel `soals`
--

CREATE TABLE `soals` (
  `id_soal` int(11) NOT NULL,
  `pertanyaan` text NOT NULL,
  `type_soal` varchar(10) NOT NULL,
  `id_kuis` varchar(15) NOT NULL
) ENGINE=InnoDB DEFAULT CHARSET=utf8mb4 COLLATE=utf8mb4_general_ci;

--
-- Dumping data untuk tabel `soals`
--

INSERT INTO `soals` (`id_soal`, `pertanyaan`, `type_soal`, `id_kuis`) VALUES
(265, 'Apa persamaan kata dari \"速い\" (hayai)?', 'pilgan', 'KUISBJP0011'),
(266, 'Sinonim dari \"嬉しい\" (ureshii) adalah?', 'pilgan', 'KUISBJP0011'),
(267, 'Mana yang merupakan persamaan kata untuk \"美しい\" (utsukushii)?', 'pilgan', 'KUISBJP0011'),
(268, 'Sinonim dari \"強い\" (tsuyoi) adalah?', 'pilgan', 'KUISBJP0011'),
(269, 'Apa persamaan kata dari \"冷たい\" (tsumetai)?', 'pilgan', 'KUISBJP0011'),
(270, 'Isilah dengan kata yang sesuai: \"日曜日は____です。\"', 'isian', 'KUISBJP0011'),
(271, 'Isilah dengan kata yang tepat: \"彼はとても____人です。\"', 'isian', 'KUISBJP0011'),
(272, 'Isilah dengan persamaan kata: \"この問題は____と思います。\"', 'isian', 'KUISBJP0011'),
(273, 'Isilah dengan kata yang tepat: \"この映画は____ですね。\"', 'isian', 'KUISBJP0011'),
(274, 'Isilah dengan persamaan kata: \"あの店の料理は____です。\"', 'isian', 'KUISBJP0011'),
(275, 'Kata mana yang berhubungan dengan \"学校\" (gakkou)?', 'pilgan', 'KUISBJP0022'),
(276, 'Mana yang berhubungan dengan \"天気\" (tenki)?', 'pilgan', 'KUISBJP0022'),
(277, 'Isilah dengan kata yang sesuai: \"____は好きです。\" (Saya suka makanan.)', 'isian', 'KUISBJP0022'),
(278, 'Isilah dengan kata yang sesuai: \"____は冷たいです。\" (Air itu dingin.)', 'isian', 'KUISBJP0022'),
(279, 'Isilah dengan kata yang berhubungan: \"____に乗ります。\" (Saya naik bus.)', 'isian', 'KUISBJP0022'),
(280, 'Isilah dengan kata yang sesuai: \"今日の____はとても寒いです。\" (Cuaca hari ini sangat dingin.)', 'isian', 'KUISBJP0022'),
(281, 'Isilah dengan kata yang berhubungan: \"____が好きです。\" (Saya suka belajar.)', 'isian', 'KUISBJP0022'),
(282, 'Jelaskan hubungan antara kata \"学校\" (gakkou) dan \"教科書\" (kyoukasho).', 'uraian', 'KUISBJP0022'),
(283, 'Apa hubungan antara \"食べ物\" (tabemono) dan \"レストラン\" (resutoran)?', 'uraian', 'KUISBJP0022'),
(284, 'Jelaskan hubungan antara \"天気\" (tenki) dan \"雨\" (ame).', 'uraian', 'KUISBJP0022'),
(285, 'Apa hubungan antara \"映画\" (eiga) dan \"俳優\" (haiyuu)?', 'uraian', 'KUISBJP0022'),
(286, 'Jelaskan hubungan antara \"勉強\" (benkyou) dan \"図書館\" (toshokan).', 'uraian', 'KUISBJP0022'),
(287, 'Kanji mana yang merupakan persamaan untuk kata \"学生\" (gakusei - pelajar)?', 'pilgan', 'KUISBJP0033'),
(288, 'Manakah pasangan kanji yang benar untuk kata \"日曜日\" (nichiyoubi - hari Minggu)?', 'pilgan', 'KUISBJP0033'),
(289, 'Isilah dengan kanji yang tepat: \"毎____、学校に行きます。\" (Setiap hari saya pergi ke sekolah.)', 'isian', 'KUISBJP0033'),
(290, 'Isilah dengan kanji yang tepat: \"____に行きたいです。\" (Saya ingin pergi ke Jepang.)', 'isian', 'KUISBJP0033'),
(291, 'Isilah dengan kanji yang tepat: \"____を食べるのが好きです。\" (Saya suka makan nasi.)', 'isian', 'KUISBJP0033'),
(292, 'Isilah dengan kanji yang tepat: \"____は難しいです。\" (Matematika itu sulit.)', 'isian', 'KUISBJP0033'),
(293, 'Isilah dengan kanji yang tepat: \"私は____で働いています。\" (Saya bekerja di rumah sakit.)', 'isian', 'KUISBJP0033'),
(294, 'Apa arti dari kombinasi kanji \"自動車\" (jidousha)?', 'pilgan', 'KUISBJP0033'),
(295, 'Jelaskan bagaimana kanji \"日本\" (Nihon) terbentuk dari dua karakter kanji.', 'uraian', 'KUISBJP0033'),
(296, 'Bagaimana cara menyambungkan kanji \"自\" dan \"動\" untuk membentuk kata \"自動車\" (mobil)?', 'uraian', 'KUISBJP0033'),
(297, 'Apa arti kanji \"学校\" (gakkou) dan bagaimana kanji tersebut terbentuk?', 'uraian', 'KUISBJP0033'),
(298, 'Jelaskan hubungan antara kanji \"火\" (hi) dan \"火曜日\" (kayoubi - hari Selasa).', 'uraian', 'KUISBJP0033'),
(299, 'Bagaimana kanji \"水\" (mizu) dan \"水曜日\" (suiyoubi - hari Rabu) terhubung?', 'uraian', 'KUISBJP0033'),
(300, 'Jelaskan perbedaan antara Hiragana dan Katakana dalam bahasa Jepang.', 'uraian', 'KUISBJP0044'),
(301, 'Bagaimana cara menulis huruf \"あ\" (a) dalam Hiragana dan apa artinya?', 'uraian', 'KUISBJP0044'),
(302, 'Mengapa Katakana digunakan untuk kata pinjaman dan nama asing dalam bahasa Jepang? Berikan contoh kata dalam Katakana!', 'uraian', 'KUISBJP0044'),
(303, 'Tuliskan dan jelaskan cara menulis huruf \"き\" (ki) dalam Hiragana dan \"キ\" (ki) dalam Katakana.', 'uraian', 'KUISBJP0044'),
(304, 'Apa fungsi dan penggunaan karakter \"ん\" (n) dalam Hiragana? Berikan contoh penggunaannya dalam kata!', 'uraian', 'KUISBJP0044'),
(305, 'Isilah dengan karakter Hiragana yang tepat: \"____\" (a).', 'isian', 'KUISBJP0044'),
(306, 'Isilah dengan karakter Katakana yang tepat: \"____\" (ka).', 'isian', 'KUISBJP0044'),
(307, 'Isilah dengan karakter Hiragana yang tepat untuk suara \"ki\": \"____\".', 'isian', 'KUISBJP0044'),
(308, 'Isilah dengan karakter Katakana yang tepat untuk suara \"su\": \"____\".', 'isian', 'KUISBJP0044'),
(309, 'Isilah dengan karakter Hiragana yang tepat untuk suara \"n\": \"____\".', 'isian', 'KUISBJP0044'),
(310, 'Partikel mana yang digunakan untuk menunjukkan kepemilikan?', 'pilgan', 'KUISBJP0055'),
(311, 'Manakah partikel yang digunakan untuk menunjukkan tempat di mana suatu tindakan terjadi?', 'pilgan', 'KUISBJP0055'),
(312, 'Partikel manakah yang digunakan untuk menunjukkan arah atau tujuan?', 'pilgan', 'KUISBJP0055'),
(313, 'Isilah dengan partikel yang tepat: \"私は____行きます。\" (Saya pergi ke sekolah.)', 'isian', 'KUISBJP0055'),
(314, 'Isilah dengan partikel yang tepat: \"この本は____私のです。\" (Buku ini milik saya.)', 'isian', 'KUISBJP0055'),
(315, 'Jelaskan perbedaan penggunaan partikel \"は\" (wa) dan \"が\" (ga) dalam kalimat bahasa Jepang.', 'uraian', 'KUISBJP0055'),
(316, 'Jelaskan penggunaan partikel \"の\" (no) dalam bahasa Jepang dengan contoh.', 'uraian', 'KUISBJP0055'),
(317, 'Bagaimana cara menggunakan partikel \"で\" (de) dalam kalimat? Berikan contoh!', 'uraian', 'KUISBJP0055'),
(318, 'Jelaskan penggunaan partikel \"へ\" (e) untuk menunjukkan arah atau tujuan dalam kalimat.', 'uraian', 'KUISBJP0055'),
(319, 'Apa fungsi partikel \"と\" (to) dalam kalimat bahasa Jepang? Berikan contoh penggunaannya!', 'uraian', 'KUISBJP0055'),
(320, 'Isilah dengan ungkapan yang tepat: \"____、今後ともよろしくお願いします。\" (Terima kasih dan mohon kerjasamanya di masa depan.)', 'isian', 'KUISBJP0066'),
(321, 'Isilah dengan ungkapan yang tepat: \"____、遅れてすみません。\" (Maaf atas keterlambatan saya.)', 'isian', 'KUISBJP0066'),
(322, 'Isilah dengan ungkapan yang tepat: \"____、今日はありがとうございました。\" (Terima kasih banyak atas bantuan Anda hari ini.)', 'isian', 'KUISBJP0066'),
(323, 'Jelaskan penggunaan ungkapan \"よろしくお願いします\" (Yoroshiku onegaishimasu) dalam konteks sosial.', 'uraian', 'KUISBJP0066'),
(324, 'Jelaskan arti dari ungkapan \"ごめんなさい\" (Gomen nasai) dan kapan sebaiknya digunakan.', 'uraian', 'KUISBJP0066'),
(325, 'Apa yang dimaksud dengan ungkapan \"すみません\" (Sumimasen) dan dalam situasi apa ungkapan ini digunakan?', 'uraian', 'KUISBJP0066'),
(326, 'Jelaskan arti dan situasi yang tepat untuk menggunakan ungkapan \"ありがとう\" (Arigatou).', 'uraian', 'KUISBJP0066'),
(327, 'Jelaskan penggunaan ungkapan \"お疲れ様です\" (Otsukaresama desu) dalam situasi sehari-hari.', 'uraian', 'KUISBJP0066'),
(344, 'soal 17', 'pilgan', 'KUISBJP0098');

-- --------------------------------------------------------

--
-- Struktur dari tabel `users`
--

CREATE TABLE `users` (
  `id_akun` int(11) NOT NULL,
  `email` varchar(50) NOT NULL,
  `password` text NOT NULL,
  `role` varchar(15) DEFAULT NULL,
  `status_akun` varchar(15) NOT NULL DEFAULT 'tidak_aktif',
  `kode_reset` int(6) DEFAULT NULL
) ENGINE=InnoDB DEFAULT CHARSET=utf8mb4 COLLATE=utf8mb4_unicode_ci;

--
-- Dumping data untuk tabel `users`
--

INSERT INTO `users` (`id_akun`, `email`, `password`, `role`, `status_akun`, `kode_reset`) VALUES
(1, 'admin@gmail.com', '$2y$12$av1PvyvRXKMisINeXG.PEeecNCQcujVtGH4WinHwOjW29GGZ5U4JG', 'admin', 'aktif', NULL),
(106, 'ins1@ins.com', '$2y$12$fhfDjR3qZWepgfQ51Or9O.A9t3Tl/1FceorgbohDIoAyp4BEEGVeW', 'instruktur', 'aktif', NULL),
(108, 'ins2@ins.com', '$2y$12$PyVjyAFSLBhLBSVsZH6iXuHu1/r6BAiO2fKwhS678OoQKr97uBDD6', 'instruktur', 'aktif', NULL),
(110, 'siswa2@siswa.com', '$2y$12$MEBj33uF2iCguQf5fjfoKO.xet2cVKiG6TyqLLDsYZU8n6R9YtOCK', 'siswa', 'tidak_aktif', NULL),
(111, 'shidkigaming7@gmail.com', '$2y$12$VqIiv7L2XbqDEcYHOEk37eBZYBMwx.y8KLeybXxmi4W9YG1DIhbFS', 'siswa', 'tidak_aktif', 483520),
(115, 'siswa1@siswa.com', '$2y$12$cbOYxtYxSKruCmhjaAbuCeL2pSUkbPygQJPGxD0Gbc.vLldUAGlVm', 'siswa', 'aktif', NULL),
(116, 'siswa3@siswa.com', '$2y$12$/ck2HVrIpa3om1fjb72.Cuig5p2pajk/BkC4q8FVPojaDJm70Sed6', 'siswa', 'tidak_aktif', NULL),
(117, 'siswa4@siswa.com', '$2y$12$uhInaRzWIqG3W3TcZCt8P.9cbdPICJGW6VMU.xpePZWceQcBGcj5e', 'siswa', 'tidak_aktif', NULL),
(118, 'ins3@ins.com', '$2y$12$wv/OVrnZ8TXnTOWZUD1eeuwnq1Oj5fVjIIpZW5emKY6XwNCdTW.62', 'instruktur', 'aktif', NULL),
(119, 'siswa5@sis.com', '$2y$12$I6VK8GCsELkm.TK6L1ICEOlD1Vyt2BCCA6XZ72NPg5LFCpiceWaD.', 'siswa', 'aktif', NULL);

--
-- Indexes for dumped tables
--

--
-- Indeks untuk tabel `admins`
--
ALTER TABLE `admins`
  ADD PRIMARY KEY (`id_adm`),
  ADD KEY `fk_akun` (`id_akun`);

--
-- Indeks untuk tabel `bidang_minats`
--
ALTER TABLE `bidang_minats`
  ADD PRIMARY KEY (`id_bidang`);

--
-- Indeks untuk tabel `cache`
--
ALTER TABLE `cache`
  ADD PRIMARY KEY (`key`);

--
-- Indeks untuk tabel `cache_locks`
--
ALTER TABLE `cache_locks`
  ADD PRIMARY KEY (`key`);

--
-- Indeks untuk tabel `daftar_hadirs`
--
ALTER TABLE `daftar_hadirs`
  ADD PRIMARY KEY (`id_presensi`),
  ADD KEY `id_jadwal_daftarHadir` (`id_jadwal`);

--
-- Indeks untuk tabel `instrukturs`
--
ALTER TABLE `instrukturs`
  ADD PRIMARY KEY (`id_ins`),
  ADD KEY `id_akun_ins` (`id_akun`);

--
-- Indeks untuk tabel `jadwals`
--
ALTER TABLE `jadwals`
  ADD PRIMARY KEY (`id_jadwal`),
  ADD KEY `id_kelas_jadwal` (`id_kelas`);

--
-- Indeks untuk tabel `jawabans`
--
ALTER TABLE `jawabans`
  ADD PRIMARY KEY (`id_jawaban`),
  ADD KEY `id_soal_jawaban` (`id_soal`);

--
-- Indeks untuk tabel `kelas`
--
ALTER TABLE `kelas`
  ADD PRIMARY KEY (`id_kelas`),
  ADD KEY `id_ins_kelas` (`id_ins`);

--
-- Indeks untuk tabel `komp_nilais`
--
ALTER TABLE `komp_nilais`
  ADD PRIMARY KEY (`id_komp_nilai`);

--
-- Indeks untuk tabel `kuis`
--
ALTER TABLE `kuis`
  ADD PRIMARY KEY (`id_kuis`),
  ADD KEY `id_mapel_kuis` (`id_mapel`);

--
-- Indeks untuk tabel `log_kuis`
--
ALTER TABLE `log_kuis`
  ADD PRIMARY KEY (`id_log`),
  ADD KEY `id_kuis_log` (`id_kuis`),
  ADD KEY `id_siswa_log` (`id_siswa`);

--
-- Indeks untuk tabel `mapels`
--
ALTER TABLE `mapels`
  ADD PRIMARY KEY (`id_mapel`);

--
-- Indeks untuk tabel `materis`
--
ALTER TABLE `materis`
  ADD PRIMARY KEY (`id_materi`),
  ADD KEY `id_mapel_materi` (`id_mapel`);

--
-- Indeks untuk tabel `migrations`
--
ALTER TABLE `migrations`
  ADD PRIMARY KEY (`id`);

--
-- Indeks untuk tabel `nilais`
--
ALTER TABLE `nilais`
  ADD PRIMARY KEY (`id_nilai`),
  ADD KEY `id_komp_nilai` (`id_komp_nilai`),
  ADD KEY `id_siswa_nilai` (`id_siswa`);

--
-- Indeks untuk tabel `nilai_kuis`
--
ALTER TABLE `nilai_kuis`
  ADD PRIMARY KEY (`id_nilai_kuis`),
  ADD KEY `id_kuis_nilaiKuis` (`id_kuis`),
  ADD KEY `id_siswa_nilaiKuis` (`id_siswa`);

--
-- Indeks untuk tabel `opsi_pgs`
--
ALTER TABLE `opsi_pgs`
  ADD PRIMARY KEY (`id_opsi`),
  ADD KEY `id_soal_opsi` (`id_soal`);

--
-- Indeks untuk tabel `riwayat_pengerjaans`
--
ALTER TABLE `riwayat_pengerjaans`
  ADD PRIMARY KEY (`id_riwayat`),
  ADD KEY `id_kuis_riwayat` (`id_kuis`),
  ADD KEY `id_soal_riwayat` (`id_soal`),
  ADD KEY `id_siswa_riwayat` (`id_siswa`);

--
-- Indeks untuk tabel `siswas`
--
ALTER TABLE `siswas`
  ADD PRIMARY KEY (`id_siswa`),
  ADD KEY `fk_akun_siswa` (`id_akun`),
  ADD KEY `id_bidang_siswa` (`id_bidang`),
  ADD KEY `id_kelas_siswa` (`id_kelas`);

--
-- Indeks untuk tabel `soals`
--
ALTER TABLE `soals`
  ADD PRIMARY KEY (`id_soal`),
  ADD KEY `id_kuis_soal` (`id_kuis`);

--
-- Indeks untuk tabel `users`
--
ALTER TABLE `users`
  ADD PRIMARY KEY (`id_akun`),
  ADD UNIQUE KEY `akuns_email_unique` (`email`);

--
-- AUTO_INCREMENT untuk tabel yang dibuang
--

--
-- AUTO_INCREMENT untuk tabel `admins`
--
ALTER TABLE `admins`
  MODIFY `id_adm` int(11) NOT NULL AUTO_INCREMENT, AUTO_INCREMENT=21;

--
-- AUTO_INCREMENT untuk tabel `bidang_minats`
--
ALTER TABLE `bidang_minats`
  MODIFY `id_bidang` int(11) NOT NULL AUTO_INCREMENT, AUTO_INCREMENT=23;

--
-- AUTO_INCREMENT untuk tabel `daftar_hadirs`
--
ALTER TABLE `daftar_hadirs`
  MODIFY `id_presensi` int(11) NOT NULL AUTO_INCREMENT, AUTO_INCREMENT=39;

--
-- AUTO_INCREMENT untuk tabel `jawabans`
--
ALTER TABLE `jawabans`
  MODIFY `id_jawaban` int(11) NOT NULL AUTO_INCREMENT, AUTO_INCREMENT=144;

--
-- AUTO_INCREMENT untuk tabel `kelas`
--
ALTER TABLE `kelas`
  MODIFY `id_kelas` int(11) NOT NULL AUTO_INCREMENT, AUTO_INCREMENT=35;

--
-- AUTO_INCREMENT untuk tabel `komp_nilais`
--
ALTER TABLE `komp_nilais`
  MODIFY `id_komp_nilai` int(11) NOT NULL AUTO_INCREMENT, AUTO_INCREMENT=30;

--
-- AUTO_INCREMENT untuk tabel `log_kuis`
--
ALTER TABLE `log_kuis`
  MODIFY `id_log` int(5) NOT NULL AUTO_INCREMENT, AUTO_INCREMENT=95;

--
-- AUTO_INCREMENT untuk tabel `migrations`
--
ALTER TABLE `migrations`
  MODIFY `id` int(10) UNSIGNED NOT NULL AUTO_INCREMENT, AUTO_INCREMENT=3;

--
-- AUTO_INCREMENT untuk tabel `nilais`
--
ALTER TABLE `nilais`
  MODIFY `id_nilai` int(11) NOT NULL AUTO_INCREMENT, AUTO_INCREMENT=46;

--
-- AUTO_INCREMENT untuk tabel `nilai_kuis`
--
ALTER TABLE `nilai_kuis`
  MODIFY `id_nilai_kuis` int(11) NOT NULL AUTO_INCREMENT, AUTO_INCREMENT=48;

--
-- AUTO_INCREMENT untuk tabel `opsi_pgs`
--
ALTER TABLE `opsi_pgs`
  MODIFY `id_opsi` int(11) NOT NULL AUTO_INCREMENT, AUTO_INCREMENT=560;

--
-- AUTO_INCREMENT untuk tabel `riwayat_pengerjaans`
--
ALTER TABLE `riwayat_pengerjaans`
  MODIFY `id_riwayat` int(11) NOT NULL AUTO_INCREMENT, AUTO_INCREMENT=265;

--
-- AUTO_INCREMENT untuk tabel `soals`
--
ALTER TABLE `soals`
  MODIFY `id_soal` int(11) NOT NULL AUTO_INCREMENT, AUTO_INCREMENT=346;

--
-- AUTO_INCREMENT untuk tabel `users`
--
ALTER TABLE `users`
  MODIFY `id_akun` int(11) NOT NULL AUTO_INCREMENT, AUTO_INCREMENT=122;

--
-- Ketidakleluasaan untuk tabel pelimpahan (Dumped Tables)
--

--
-- Ketidakleluasaan untuk tabel `admins`
--
ALTER TABLE `admins`
  ADD CONSTRAINT `fk_akun` FOREIGN KEY (`id_akun`) REFERENCES `users` (`id_akun`);

--
-- Ketidakleluasaan untuk tabel `daftar_hadirs`
--
ALTER TABLE `daftar_hadirs`
  ADD CONSTRAINT `id_jadwal_daftarHadir` FOREIGN KEY (`id_jadwal`) REFERENCES `jadwals` (`id_jadwal`);

--
-- Ketidakleluasaan untuk tabel `instrukturs`
--
ALTER TABLE `instrukturs`
  ADD CONSTRAINT `id_akun_ins` FOREIGN KEY (`id_akun`) REFERENCES `users` (`id_akun`);

--
-- Ketidakleluasaan untuk tabel `jadwals`
--
ALTER TABLE `jadwals`
  ADD CONSTRAINT `id_kelas_jadwal` FOREIGN KEY (`id_kelas`) REFERENCES `kelas` (`id_kelas`);

--
-- Ketidakleluasaan untuk tabel `jawabans`
--
ALTER TABLE `jawabans`
  ADD CONSTRAINT `id_soal_jawaban` FOREIGN KEY (`id_soal`) REFERENCES `soals` (`id_soal`);

--
-- Ketidakleluasaan untuk tabel `kelas`
--
ALTER TABLE `kelas`
  ADD CONSTRAINT `id_ins_kelas` FOREIGN KEY (`id_ins`) REFERENCES `instrukturs` (`id_ins`);

--
-- Ketidakleluasaan untuk tabel `kuis`
--
ALTER TABLE `kuis`
  ADD CONSTRAINT `id_mapel_kuis` FOREIGN KEY (`id_mapel`) REFERENCES `mapels` (`id_mapel`);

--
-- Ketidakleluasaan untuk tabel `log_kuis`
--
ALTER TABLE `log_kuis`
  ADD CONSTRAINT `id_kuis_log` FOREIGN KEY (`id_kuis`) REFERENCES `kuis` (`id_kuis`),
  ADD CONSTRAINT `id_siswa_log` FOREIGN KEY (`id_siswa`) REFERENCES `siswas` (`id_siswa`);

--
-- Ketidakleluasaan untuk tabel `materis`
--
ALTER TABLE `materis`
  ADD CONSTRAINT `id_mapel_materi` FOREIGN KEY (`id_mapel`) REFERENCES `mapels` (`id_mapel`);

--
-- Ketidakleluasaan untuk tabel `nilais`
--
ALTER TABLE `nilais`
  ADD CONSTRAINT `id_komp_nilai` FOREIGN KEY (`id_komp_nilai`) REFERENCES `komp_nilais` (`id_komp_nilai`),
  ADD CONSTRAINT `id_siswa_nilai` FOREIGN KEY (`id_siswa`) REFERENCES `siswas` (`id_siswa`);

--
-- Ketidakleluasaan untuk tabel `nilai_kuis`
--
ALTER TABLE `nilai_kuis`
  ADD CONSTRAINT `id_kuis_nilaiKuis` FOREIGN KEY (`id_kuis`) REFERENCES `kuis` (`id_kuis`),
  ADD CONSTRAINT `id_siswa_nilaiKuis` FOREIGN KEY (`id_siswa`) REFERENCES `siswas` (`id_siswa`);

--
-- Ketidakleluasaan untuk tabel `opsi_pgs`
--
ALTER TABLE `opsi_pgs`
  ADD CONSTRAINT `id_soal_opsi` FOREIGN KEY (`id_soal`) REFERENCES `soals` (`id_soal`);

--
-- Ketidakleluasaan untuk tabel `riwayat_pengerjaans`
--
ALTER TABLE `riwayat_pengerjaans`
  ADD CONSTRAINT `id_kuis_riwayat` FOREIGN KEY (`id_kuis`) REFERENCES `kuis` (`id_kuis`),
  ADD CONSTRAINT `id_siswa_riwayat` FOREIGN KEY (`id_siswa`) REFERENCES `siswas` (`id_siswa`),
  ADD CONSTRAINT `id_soal_riwayat` FOREIGN KEY (`id_soal`) REFERENCES `soals` (`id_soal`);

--
-- Ketidakleluasaan untuk tabel `siswas`
--
ALTER TABLE `siswas`
  ADD CONSTRAINT `fk_akun_siswa` FOREIGN KEY (`id_akun`) REFERENCES `users` (`id_akun`),
  ADD CONSTRAINT `id_bidang_siswa` FOREIGN KEY (`id_bidang`) REFERENCES `bidang_minats` (`id_bidang`),
  ADD CONSTRAINT `id_kelas_siswa` FOREIGN KEY (`id_kelas`) REFERENCES `kelas` (`id_kelas`);

--
-- Ketidakleluasaan untuk tabel `soals`
--
ALTER TABLE `soals`
  ADD CONSTRAINT `id_kuis_soal` FOREIGN KEY (`id_kuis`) REFERENCES `kuis` (`id_kuis`);
COMMIT;

/*!40101 SET CHARACTER_SET_CLIENT=@OLD_CHARACTER_SET_CLIENT */;
/*!40101 SET CHARACTER_SET_RESULTS=@OLD_CHARACTER_SET_RESULTS */;
/*!40101 SET COLLATION_CONNECTION=@OLD_COLLATION_CONNECTION */;
